target_key,rho,efficacy,collateral,neighbor_count,neighbors_observed,neighbors_full_correct,gap_term
cf-0,0.95,1.0,0.2,5,5,5,0.2
cf-0,0.9,1.0,0.2,5,5,5,0.2
cf-0,0.85,1.0,0.2,5,5,5,0.2
cf-0,0.8,1.0,0.2,5,5,5,0.2
cf-0,0.75,1.0,0.2,5,5,5,0.2
cf-0,0.7,1.0,0.2,5,5,5,0.2
cf-1007,0.95,1.0,0.0,5,5,5,0.0
cf-1007,0.9,1.0,0.0,5,5,5,0.0
cf-1007,0.85,1.0,0.0,5,5,5,0.0
cf-1007,0.8,1.0,0.0,5,5,5,0.0
cf-1007,0.75,1.0,0.0,5,5,5,0.0
cf-1007,0.7,1.0,0.0,5,5,5,0.0
cf-1008,0.95,1.0,0.0,5,5,5,0.0
cf-1008,0.9,1.0,0.0,5,5,5,0.0
cf-1008,0.85,1.0,0.0,5,5,5,0.0
cf-1008,0.8,1.0,0.0,5,5,5,0.0
cf-1008,0.75,1.0,0.0,5,5,5,0.0
cf-1008,0.7,1.0,0.0,5,5,5,0.0
cf-101,0.95,1.0,0.0,5,5,5,0.0
cf-101,0.9,1.0,0.0,5,5,5,0.0
cf-101,0.85,1.0,0.0,5,5,5,0.0
cf-101,0.8,1.0,0.0,5,5,5,0.0
cf-101,0.75,1.0,0.0,5,5,5,0.0
cf-101,0.7,1.0,0.0,5,5,5,0.0
cf-1010,0.95,1.0,0.0,5,5,5,0.0
cf-1010,0.9,1.0,0.0,5,5,5,0.0
cf-1010,0.85,1.0,0.0,5,5,5,0.0
cf-1010,0.8,1.0,0.0,5,5,5,0.0
cf-1010,0.75,1.0,0.0,5,5,5,0.0
cf-1010,0.7,1.0,0.0,5,5,5,0.0
cf-1013,0.95,1.0,0.0,5,5,5,0.0
cf-1013,0.9,1.0,0.0,5,5,5,0.0
cf-1013,0.85,1.0,0.0,5,5,5,0.0
cf-1013,0.8,1.0,0.0,5,5,5,0.0
cf-1013,0.75,1.0,0.0,5,5,5,0.0
cf-1013,0.7,1.0,0.0,5,5,5,0.0
cf-1014,0.95,0.0,0.0,5,5,5,1.0
cf-1014,0.9,0.0,0.0,5,5,5,1.0
cf-1014,0.85,0.0,0.0,5,5,5,1.0
cf-1014,0.8,1.0,0.0,5,5,5,0.0
cf-1014,0.75,1.0,0.0,5,5,5,0.0
cf-1014,0.7,1.0,0.0,5,5,5,0.0
cf-102,0.95,0.0,0.0,15,15,15,1.0
cf-102,0.9,0.0,0.0,15,15,15,1.0
cf-102,0.85,1.0,0.0,15,15,15,0.0
cf-102,0.8,1.0,0.0,15,15,15,0.0
cf-102,0.75,1.0,0.0,15,15,15,0.0
cf-102,0.7,0.0,0.0,15,15,15,1.0
cf-1020,0.95,0.0,0.0,5,5,5,1.0
cf-1020,0.9,0.0,0.0,5,5,5,1.0
cf-1020,0.85,0.0,0.0,5,5,5,1.0
cf-1020,0.8,0.0,0.0,5,5,5,1.0
cf-1020,0.75,0.0,0.0,5,5,5,1.0
cf-1020,0.7,1.0,0.0,5,5,5,0.0
cf-1030,0.95,1.0,0.0,5,5,5,0.0
cf-1030,0.9,1.0,0.0,5,5,5,0.0
cf-1030,0.85,1.0,0.0,5,5,5,0.0
cf-1030,0.8,0.0,0.0,5,5,5,1.0
cf-1030,0.75,0.0,0.0,5,5,5,1.0
cf-1030,0.7,0.0,0.0,5,5,5,1.0
cf-104,0.95,1.0,0.0,5,5,5,0.0
cf-104,0.9,1.0,0.0,5,5,5,0.0
cf-104,0.85,1.0,0.0,5,5,5,0.0
cf-104,0.8,0.0,0.0,5,5,5,1.0
cf-104,0.75,0.0,0.0,5,5,5,1.0
cf-104,0.7,0.0,0.0,5,5,5,1.0
cf-1043,0.95,1.0,0.0,5,5,5,0.0
cf-1043,0.9,1.0,0.0,5,5,5,0.0
cf-1043,0.85,1.0,0.0,5,5,5,0.0
cf-1043,0.8,1.0,0.0,5,5,5,0.0
cf-1043,0.75,1.0,0.0,5,5,5,0.0
cf-1043,0.7,1.0,0.0,5,5,5,0.0
cf-1044,0.95,1.0,0.0,5,5,5,0.0
cf-1044,0.9,0.0,0.0,5,5,5,1.0
cf-1044,0.85,0.0,0.0,5,5,5,1.0
cf-1044,0.8,1.0,0.0,5,5,5,0.0
cf-1044,0.75,1.0,0.0,5,5,5,0.0
cf-1044,0.7,0.0,0.0,5,5,5,1.0
cf-1048,0.95,0.0,0.0,5,5,5,1.0
cf-1048,0.9,0.0,0.0,5,5,5,1.0
cf-1048,0.85,0.0,0.0,5,5,5,1.0
cf-1048,0.8,0.0,0.0,5,5,5,1.0
cf-1048,0.75,1.0,0.0,5,5,5,0.0
cf-1048,0.7,1.0,0.0,5,5,5,0.0
cf-1054,0.95,1.0,0.0,5,5,5,0.0
cf-1054,0.9,1.0,0.0,5,5,5,0.0
cf-1054,0.85,0.0,0.0,5,5,5,1.0
cf-1054,0.8,0.0,0.0,5,5,5,1.0
cf-1054,0.75,0.0,0.0,5,5,5,1.0
cf-1054,0.7,1.0,0.0,5,5,5,0.0
cf-1058,0.95,1.0,0.0,5,5,5,0.0
cf-1058,0.9,1.0,0.0,5,5,5,0.0
cf-1058,0.85,1.0,0.0,5,5,5,0.0
cf-1058,0.8,1.0,0.0,5,5,5,0.0
cf-1058,0.75,1.0,0.0,5,5,5,0.0
cf-1058,0.7,1.0,0.0,5,5,5,0.0
cf-1059,0.95,0.0,0.0,6,6,6,1.0
cf-1059,0.9,0.0,0.0,6,6,6,1.0
cf-1059,0.85,0.0,0.0,6,6,6,1.0
cf-1059,0.8,0.0,0.0,6,6,6,1.0
cf-1059,0.75,0.0,0.0,6,6,6,1.0
cf-1059,0.7,1.0,0.0,6,6,6,0.0
cf-1061,0.95,1.0,0.0,13,13,13,0.0
cf-1061,0.9,1.0,0.0,13,13,13,0.0
cf-1061,0.85,1.0,0.0,13,13,13,0.0
cf-1061,0.8,1.0,0.0,13,13,13,0.0
cf-1061,0.75,1.0,0.0,13,13,13,0.0
cf-1061,0.7,1.0,0.0,13,13,13,0.0
cf-1075,0.95,0.0,0.0,5,5,5,1.0
cf-1075,0.9,0.0,0.0,5,5,5,1.0
cf-1075,0.85,0.0,0.0,5,5,5,1.0
cf-1075,0.8,0.0,0.0,5,5,5,1.0
cf-1075,0.75,1.0,0.0,5,5,5,0.0
cf-1075,0.7,1.0,0.0,5,5,5,0.0
cf-1082,0.95,1.0,0.0,5,5,5,0.0
cf-1082,0.9,1.0,0.0,5,5,5,0.0
cf-1082,0.85,1.0,0.0,5,5,5,0.0
cf-1082,0.8,1.0,0.0,5,5,5,0.0
cf-1082,0.75,1.0,0.0,5,5,5,0.0
cf-1082,0.7,1.0,0.0,5,5,5,0.0
cf-1084,0.95,0.0,0.0,15,15,15,1.0
cf-1084,0.9,0.0,0.0,15,15,15,1.0
cf-1084,0.85,0.0,0.0,15,15,15,1.0
cf-1084,0.8,0.0,0.0,15,15,15,1.0
cf-1084,0.75,1.0,0.0,15,15,15,0.0
cf-1084,0.7,0.0,0.0,15,15,15,1.0
cf-1087,0.95,0.0,0.0,5,5,5,1.0
cf-1087,0.9,0.0,0.0,5,5,5,1.0
cf-1087,0.85,0.0,0.0,5,5,5,1.0
cf-1087,0.8,0.0,0.0,5,5,5,1.0
cf-1087,0.75,1.0,0.0,5,5,5,0.0
cf-1087,0.7,1.0,0.0,5,5,5,0.0
cf-109,0.95,0.0,0.0,5,5,5,1.0
cf-109,0.9,0.0,0.0,5,5,5,1.0
cf-109,0.85,0.0,0.0,5,5,5,1.0
cf-109,0.8,0.0,0.0,5,5,5,1.0
cf-109,0.75,0.0,0.0,5,5,5,1.0
cf-109,0.7,0.0,0.0,5,5,5,1.0
cf-1095,0.95,1.0,0.0,5,5,5,0.0
cf-1095,0.9,1.0,0.0,5,5,5,0.0
cf-1095,0.85,1.0,0.0,5,5,5,0.0
cf-1095,0.8,1.0,0.0,5,5,5,0.0
cf-1095,0.75,1.0,0.0,5,5,5,0.0
cf-1095,0.7,1.0,0.0,5,5,5,0.0
cf-1101,0.95,1.0,0.0,5,5,5,0.0
cf-1101,0.9,1.0,0.0,5,5,5,0.0
cf-1101,0.85,1.0,0.0,5,5,5,0.0
cf-1101,0.8,1.0,0.0,5,5,5,0.0
cf-1101,0.75,1.0,0.0,5,5,5,0.0
cf-1101,0.7,1.0,0.0,5,5,5,0.0
cf-1103,0.95,0.0,0.0,7,7,7,1.0
cf-1103,0.9,0.0,0.0,7,7,7,1.0
cf-1103,0.85,0.0,0.0,7,7,7,1.0
cf-1103,0.8,0.0,0.0,7,7,7,1.0
cf-1103,0.75,0.0,0.0,7,7,7,1.0
cf-1103,0.7,0.0,0.0,7,7,7,1.0
cf-1113,0.95,1.0,0.0,5,5,5,0.0
cf-1113,0.9,1.0,0.0,5,5,5,0.0
cf-1113,0.85,1.0,0.0,5,5,5,0.0
cf-1113,0.8,1.0,0.0,5,5,5,0.0
cf-1113,0.75,1.0,0.0,5,5,5,0.0
cf-1113,0.7,1.0,0.0,5,5,5,0.0
cf-1124,0.95,1.0,0.0,5,5,5,0.0
cf-1124,0.9,1.0,0.0,5,5,5,0.0
cf-1124,0.85,1.0,0.0,5,5,5,0.0
cf-1124,0.8,0.0,0.0,5,5,5,1.0
cf-1124,0.75,0.0,0.0,5,5,5,1.0
cf-1124,0.7,1.0,0.0,5,5,5,0.0
cf-1132,0.95,0.0,0.0,5,5,5,1.0
cf-1132,0.9,0.0,0.0,5,5,5,1.0
cf-1132,0.85,0.0,0.0,5,5,5,1.0
cf-1132,0.8,0.0,0.0,5,5,5,1.0
cf-1132,0.75,0.0,0.0,5,5,5,1.0
cf-1132,0.7,0.0,0.0,5,5,5,1.0
cf-1133,0.95,0.0,0.0,5,5,5,1.0
cf-1133,0.9,0.0,0.0,5,5,5,1.0
cf-1133,0.85,0.0,0.0,5,5,5,1.0
cf-1133,0.8,1.0,0.0,5,5,5,0.0
cf-1133,0.75,1.0,0.0,5,5,5,0.0
cf-1133,0.7,1.0,0.0,5,5,5,0.0
cf-1139,0.95,1.0,0.0,5,5,5,0.0
cf-1139,0.9,1.0,0.0,5,5,5,0.0
cf-1139,0.85,1.0,0.0,5,5,5,0.0
cf-1139,0.8,1.0,0.0,5,5,5,0.0
cf-1139,0.75,1.0,0.0,5,5,5,0.0
cf-1139,0.7,1.0,0.0,5,5,5,0.0
cf-1142,0.95,1.0,0.0,7,7,7,0.0
cf-1142,0.9,1.0,0.0,7,7,7,0.0
cf-1142,0.85,1.0,0.0,7,7,7,0.0
cf-1142,0.8,1.0,0.0,7,7,7,0.0
cf-1142,0.75,1.0,0.0,7,7,7,0.0
cf-1142,0.7,1.0,0.0,7,7,7,0.0
cf-1143,0.95,0.0,0.0,5,5,5,1.0
cf-1143,0.9,0.0,0.0,5,5,5,1.0
cf-1143,0.85,0.0,0.0,5,5,5,1.0
cf-1143,0.8,0.0,0.0,5,5,5,1.0
cf-1143,0.75,1.0,0.0,5,5,5,0.0
cf-1143,0.7,1.0,0.0,5,5,5,0.0
cf-1144,0.95,0.0,0.0,16,16,16,1.0
cf-1144,0.9,0.0,0.0,16,16,16,1.0
cf-1144,0.85,0.0,0.0,16,16,16,1.0
cf-1144,0.8,0.0,0.0,16,16,16,1.0
cf-1144,0.75,0.0,0.0,16,16,16,1.0
cf-1144,0.7,1.0,0.0,16,16,16,0.0
cf-1145,0.95,0.0,0.0,5,5,5,1.0
cf-1145,0.9,0.0,0.0,5,5,5,1.0
cf-1145,0.85,0.0,0.0,5,5,5,1.0
cf-1145,0.8,0.0,0.0,5,5,5,1.0
cf-1145,0.75,0.0,0.0,5,5,5,1.0
cf-1145,0.7,1.0,0.0,5,5,5,0.0
cf-1148,0.95,1.0,0.0,5,5,5,0.0
cf-1148,0.9,1.0,0.0,5,5,5,0.0
cf-1148,0.85,1.0,0.0,5,5,5,0.0
cf-1148,0.8,1.0,0.0,5,5,5,0.0
cf-1148,0.75,1.0,0.0,5,5,5,0.0
cf-1148,0.7,1.0,0.0,5,5,5,0.0
cf-1150,0.95,0.0,0.0,5,5,5,1.0
cf-1150,0.9,0.0,0.0,5,5,5,1.0
cf-1150,0.85,0.0,0.0,5,5,5,1.0
cf-1150,0.8,0.0,0.0,5,5,5,1.0
cf-1150,0.75,0.0,0.0,5,5,5,1.0
cf-1150,0.7,0.0,0.0,5,5,5,1.0
cf-1151,0.95,1.0,0.0,5,5,5,0.0
cf-1151,0.9,1.0,0.0,5,5,5,0.0
cf-1151,0.85,1.0,0.0,5,5,5,0.0
cf-1151,0.8,1.0,0.0,5,5,5,0.0
cf-1151,0.75,1.0,0.0,5,5,5,0.0
cf-1151,0.7,1.0,0.0,5,5,5,0.0
cf-1152,0.95,0.0,0.0,5,5,5,1.0
cf-1152,0.9,0.0,0.0,5,5,5,1.0
cf-1152,0.85,0.0,0.0,5,5,5,1.0
cf-1152,0.8,0.0,0.0,5,5,5,1.0
cf-1152,0.75,0.0,0.0,5,5,5,1.0
cf-1152,0.7,0.0,0.0,5,5,5,1.0
cf-1165,0.95,1.0,0.0,5,5,5,0.0
cf-1165,0.9,1.0,0.0,5,5,5,0.0
cf-1165,0.85,1.0,0.0,5,5,5,0.0
cf-1165,0.8,0.0,0.0,5,5,5,1.0
cf-1165,0.75,1.0,0.0,5,5,5,0.0
cf-1165,0.7,0.0,0.0,5,5,5,1.0
cf-1166,0.95,1.0,0.0,5,5,5,0.0
cf-1166,0.9,1.0,0.0,5,5,5,0.0
cf-1166,0.85,1.0,0.0,5,5,5,0.0
cf-1166,0.8,1.0,0.0,5,5,5,0.0
cf-1166,0.75,1.0,0.0,5,5,5,0.0
cf-1166,0.7,1.0,0.0,5,5,5,0.0
cf-1182,0.95,0.0,0.0,5,5,5,1.0
cf-1182,0.9,0.0,0.0,5,5,5,1.0
cf-1182,0.85,0.0,0.0,5,5,5,1.0
cf-1182,0.8,0.0,0.0,5,5,5,1.0
cf-1182,0.75,1.0,0.0,5,5,5,0.0
cf-1182,0.7,1.0,0.0,5,5,5,0.0
cf-1184,0.95,1.0,0.0,5,5,5,0.0
cf-1184,0.9,1.0,0.0,5,5,5,0.0
cf-1184,0.85,1.0,0.0,5,5,5,0.0
cf-1184,0.8,1.0,0.0,5,5,5,0.0
cf-1184,0.75,1.0,0.0,5,5,5,0.0
cf-1184,0.7,1.0,0.0,5,5,5,0.0
cf-1187,0.95,1.0,0.0,8,8,8,0.0
cf-1187,0.9,1.0,0.0,8,8,8,0.0
cf-1187,0.85,1.0,0.0,8,8,8,0.0
cf-1187,0.8,1.0,0.0,8,8,8,0.0
cf-1187,0.75,1.0,0.0,8,8,8,0.0
cf-1187,0.7,1.0,0.0,8,8,8,0.0
cf-119,0.95,0.0,0.0,5,5,5,1.0
cf-119,0.9,0.0,0.0,5,5,5,1.0
cf-119,0.85,0.0,0.0,5,5,5,1.0
cf-119,0.8,0.0,0.0,5,5,5,1.0
cf-119,0.75,0.0,0.0,5,5,5,1.0
cf-119,0.7,1.0,0.0,5,5,5,0.0
cf-1193,0.95,0.0,0.0,18,18,18,1.0
cf-1193,0.9,0.0,0.0,18,18,18,1.0
cf-1193,0.85,0.0,0.0,18,18,18,1.0
cf-1193,0.8,0.0,0.0,18,18,18,1.0
cf-1193,0.75,0.0,0.0,18,18,18,1.0
cf-1193,0.7,1.0,0.0,18,18,18,0.0
cf-1194,0.95,1.0,0.0,5,5,5,0.0
cf-1194,0.9,1.0,0.0,5,5,5,0.0
cf-1194,0.85,1.0,0.0,5,5,5,0.0
cf-1194,0.8,1.0,0.0,5,5,5,0.0
cf-1194,0.75,1.0,0.0,5,5,5,0.0
cf-1194,0.7,1.0,0.0,5,5,5,0.0
cf-1196,0.95,1.0,0.0,5,5,5,0.0
cf-1196,0.9,1.0,0.0,5,5,5,0.0
cf-1196,0.85,1.0,0.0,5,5,5,0.0
cf-1196,0.8,1.0,0.0,5,5,5,0.0
cf-1196,0.75,0.0,0.0,5,5,5,1.0
cf-1196,0.7,1.0,0.0,5,5,5,0.0
cf-1204,0.95,1.0,0.0,5,5,5,0.0
cf-1204,0.9,1.0,0.0,5,5,5,0.0
cf-1204,0.85,1.0,0.0,5,5,5,0.0
cf-1204,0.8,1.0,0.0,5,5,5,0.0
cf-1204,0.75,1.0,0.0,5,5,5,0.0
cf-1204,0.7,1.0,0.0,5,5,5,0.0
cf-1208,0.95,1.0,0.0,5,5,5,0.0
cf-1208,0.9,1.0,0.0,5,5,5,0.0
cf-1208,0.85,1.0,0.0,5,5,5,0.0
cf-1208,0.8,1.0,0.0,5,5,5,0.0
cf-1208,0.75,1.0,0.0,5,5,5,0.0
cf-1208,0.7,1.0,0.0,5,5,5,0.0
cf-1217,0.95,0.0,0.0,5,5,5,1.0
cf-1217,0.9,0.0,0.0,5,5,5,1.0
cf-1217,0.85,0.0,0.0,5,5,5,1.0
cf-1217,0.8,0.0,0.0,5,5,5,1.0
cf-1217,0.75,0.0,0.0,5,5,5,1.0
cf-1217,0.7,1.0,0.0,5,5,5,0.0
cf-1222,0.95,1.0,0.0,5,5,5,0.0
cf-1222,0.9,1.0,0.0,5,5,5,0.0
cf-1222,0.85,1.0,0.0,5,5,5,0.0
cf-1222,0.8,1.0,0.0,5,5,5,0.0
cf-1222,0.75,1.0,0.0,5,5,5,0.0
cf-1222,0.7,1.0,0.0,5,5,5,0.0
cf-1223,0.95,0.0,0.0,5,5,5,1.0
cf-1223,0.9,0.0,0.0,5,5,5,1.0
cf-1223,0.85,0.0,0.0,5,5,5,1.0
cf-1223,0.8,0.0,0.0,5,5,5,1.0
cf-1223,0.75,1.0,0.0,5,5,5,0.0
cf-1223,0.7,1.0,0.0,5,5,5,0.0
cf-1224,0.95,1.0,0.0,5,5,5,0.0
cf-1224,0.9,1.0,0.0,5,5,5,0.0
cf-1224,0.85,1.0,0.0,5,5,5,0.0
cf-1224,0.8,1.0,0.0,5,5,5,0.0
cf-1224,0.75,1.0,0.0,5,5,5,0.0
cf-1224,0.7,1.0,0.0,5,5,5,0.0
cf-1227,0.95,1.0,0.0,9,9,9,0.0
cf-1227,0.9,1.0,0.0,9,9,9,0.0
cf-1227,0.85,1.0,0.0,9,9,9,0.0
cf-1227,0.8,1.0,0.0,9,9,9,0.0
cf-1227,0.75,1.0,0.0,9,9,9,0.0
cf-1227,0.7,1.0,0.0,9,9,9,0.0
cf-1229,0.95,0.0,0.0,5,5,5,1.0
cf-1229,0.9,0.0,0.0,5,5,5,1.0
cf-1229,0.85,1.0,0.0,5,5,5,0.0
cf-1229,0.8,1.0,0.0,5,5,5,0.0
cf-1229,0.75,1.0,0.0,5,5,5,0.0
cf-1229,0.7,1.0,0.0,5,5,5,0.0
cf-1238,0.95,0.0,0.0,10,10,10,1.0
cf-1238,0.9,0.0,0.0,10,10,10,1.0
cf-1238,0.85,0.0,0.0,10,10,10,1.0
cf-1238,0.8,0.0,0.0,10,10,10,1.0
cf-1238,0.75,0.0,0.0,10,10,10,1.0
cf-1238,0.7,1.0,0.0,10,10,10,0.0
cf-1244,0.95,0.0,0.0,13,13,13,1.0
cf-1244,0.9,0.0,0.0,13,13,13,1.0
cf-1244,0.85,0.0,0.0,13,13,13,1.0
cf-1244,0.8,0.0,0.0,13,13,13,1.0
cf-1244,0.75,0.0,0.0,13,13,13,1.0
cf-1244,0.7,0.0,0.07692307692307693,13,13,13,1.0769230769230769
cf-125,0.95,1.0,0.0,5,5,5,0.0
cf-125,0.9,1.0,0.0,5,5,5,0.0
cf-125,0.85,1.0,0.0,5,5,5,0.0
cf-125,0.8,1.0,0.0,5,5,5,0.0
cf-125,0.75,0.0,0.0,5,5,5,1.0
cf-125,0.7,0.0,0.0,5,5,5,1.0
cf-1250,0.95,0.0,0.0,5,5,5,1.0
cf-1250,0.9,0.0,0.0,5,5,5,1.0
cf-1250,0.85,0.0,0.0,5,5,5,1.0
cf-1250,0.8,0.0,0.0,5,5,5,1.0
cf-1250,0.75,0.0,0.0,5,5,5,1.0
cf-1250,0.7,1.0,0.0,5,5,5,0.0
cf-1255,0.95,0.0,0.0,13,13,13,1.0
cf-1255,0.9,0.0,0.0,13,13,13,1.0
cf-1255,0.85,0.0,0.0,13,13,13,1.0
cf-1255,0.8,0.0,0.0,13,13,13,1.0
cf-1255,0.75,0.0,0.0,13,13,13,1.0
cf-1255,0.7,0.0,0.0,13,13,13,1.0
cf-1262,0.95,0.0,0.0,5,5,5,1.0
cf-1262,0.9,0.0,0.0,5,5,5,1.0
cf-1262,0.85,0.0,0.0,5,5,5,1.0
cf-1262,0.8,0.0,0.0,5,5,5,1.0
cf-1262,0.75,1.0,0.0,5,5,5,0.0
cf-1262,0.7,1.0,0.0,5,5,5,0.0
cf-1263,0.95,0.0,0.0,8,8,8,1.0
cf-1263,0.9,0.0,0.0,8,8,8,1.0
cf-1263,0.85,0.0,0.0,8,8,8,1.0
cf-1263,0.8,1.0,0.0,8,8,8,0.0
cf-1263,0.75,1.0,0.0,8,8,8,0.0
cf-1263,0.7,1.0,0.0,8,8,8,0.0
cf-1267,0.95,1.0,0.0,5,5,5,0.0
cf-1267,0.9,1.0,0.0,5,5,5,0.0
cf-1267,0.85,1.0,0.0,5,5,5,0.0
cf-1267,0.8,1.0,0.0,5,5,5,0.0
cf-1267,0.75,1.0,0.0,5,5,5,0.0
cf-1267,0.7,1.0,0.0,5,5,5,0.0
cf-1270,0.95,0.0,0.0,5,5,5,1.0
cf-1270,0.9,0.0,0.0,5,5,5,1.0
cf-1270,0.85,0.0,0.0,5,5,5,1.0
cf-1270,0.8,0.0,0.0,5,5,5,1.0
cf-1270,0.75,0.0,0.0,5,5,5,1.0
cf-1270,0.7,1.0,0.0,5,5,5,0.0
cf-1271,0.95,1.0,0.0,16,16,16,0.0
cf-1271,0.9,1.0,0.0,16,16,16,0.0
cf-1271,0.85,1.0,0.0,16,16,16,0.0
cf-1271,0.8,1.0,0.0,16,16,16,0.0
cf-1271,0.75,1.0,0.0,16,16,16,0.0
cf-1271,0.7,0.0,0.0,16,16,16,1.0
cf-1275,0.95,1.0,0.0,5,5,5,0.0
cf-1275,0.9,1.0,0.0,5,5,5,0.0
cf-1275,0.85,1.0,0.0,5,5,5,0.0
cf-1275,0.8,1.0,0.0,5,5,5,0.0
cf-1275,0.75,1.0,0.0,5,5,5,0.0
cf-1275,0.7,1.0,0.0,5,5,5,0.0
cf-1277,0.95,0.0,0.0,5,5,5,1.0
cf-1277,0.9,0.0,0.0,5,5,5,1.0
cf-1277,0.85,0.0,0.0,5,5,5,1.0
cf-1277,0.8,0.0,0.0,5,5,5,1.0
cf-1277,0.75,0.0,0.0,5,5,5,1.0
cf-1277,0.7,0.0,0.0,5,5,5,1.0
cf-1278,0.95,1.0,0.0,6,6,6,0.0
cf-1278,0.9,1.0,0.0,6,6,6,0.0
cf-1278,0.85,1.0,0.0,6,6,6,0.0
cf-1278,0.8,1.0,0.0,6,6,6,0.0
cf-1278,0.75,1.0,0.0,6,6,6,0.0
cf-1278,0.7,1.0,0.0,6,6,6,0.0
cf-1281,0.95,1.0,0.0,5,5,5,0.0
cf-1281,0.9,1.0,0.0,5,5,5,0.0
cf-1281,0.85,1.0,0.0,5,5,5,0.0
cf-1281,0.8,1.0,0.0,5,5,5,0.0
cf-1281,0.75,1.0,0.0,5,5,5,0.0
cf-1281,0.7,1.0,0.0,5,5,5,0.0
cf-1285,0.95,1.0,0.0,5,5,5,0.0
cf-1285,0.9,1.0,0.0,5,5,5,0.0
cf-1285,0.85,1.0,0.0,5,5,5,0.0
cf-1285,0.8,1.0,0.0,5,5,5,0.0
cf-1285,0.75,1.0,0.0,5,5,5,0.0
cf-1285,0.7,1.0,0.0,5,5,5,0.0
cf-1286,0.95,1.0,0.0,5,5,5,0.0
cf-1286,0.9,1.0,0.0,5,5,5,0.0
cf-1286,0.85,1.0,0.0,5,5,5,0.0
cf-1286,0.8,1.0,0.0,5,5,5,0.0
cf-1286,0.75,1.0,0.0,5,5,5,0.0
cf-1286,0.7,0.0,0.0,5,5,5,1.0
cf-1287,0.95,1.0,0.0,5,5,5,0.0
cf-1287,0.9,1.0,0.0,5,5,5,0.0
cf-1287,0.85,1.0,0.0,5,5,5,0.0
cf-1287,0.8,1.0,0.0,5,5,5,0.0
cf-1287,0.75,1.0,0.0,5,5,5,0.0
cf-1287,0.7,1.0,0.0,5,5,5,0.0
cf-1293,0.95,0.0,0.0,5,5,5,1.0
cf-1293,0.9,1.0,0.0,5,5,5,0.0
cf-1293,0.85,1.0,0.0,5,5,5,0.0
cf-1293,0.8,1.0,0.0,5,5,5,0.0
cf-1293,0.75,1.0,0.0,5,5,5,0.0
cf-1293,0.7,1.0,0.0,5,5,5,0.0
cf-1294,0.95,1.0,0.0,5,5,5,0.0
cf-1294,0.9,1.0,0.0,5,5,5,0.0
cf-1294,0.85,1.0,0.0,5,5,5,0.0
cf-1294,0.8,1.0,0.0,5,5,5,0.0
cf-1294,0.75,1.0,0.0,5,5,5,0.0
cf-1294,0.7,1.0,0.0,5,5,5,0.0
cf-1297,0.95,0.0,0.0,5,5,5,1.0
cf-1297,0.9,0.0,0.0,5,5,5,1.0
cf-1297,0.85,0.0,0.0,5,5,5,1.0
cf-1297,0.8,0.0,0.0,5,5,5,1.0
cf-1297,0.75,0.0,0.0,5,5,5,1.0
cf-1297,0.7,1.0,0.0,5,5,5,0.0
cf-1298,0.95,0.0,0.0,5,5,5,1.0
cf-1298,0.9,0.0,0.0,5,5,5,1.0
cf-1298,0.85,0.0,0.0,5,5,5,1.0
cf-1298,0.8,0.0,0.0,5,5,5,1.0
cf-1298,0.75,1.0,0.0,5,5,5,0.0
cf-1298,0.7,0.0,0.0,5,5,5,1.0
cf-1300,0.95,0.0,0.0,5,5,5,1.0
cf-1300,0.9,0.0,0.0,5,5,5,1.0
cf-1300,0.85,1.0,0.0,5,5,5,0.0
cf-1300,0.8,1.0,0.0,5,5,5,0.0
cf-1300,0.75,1.0,0.0,5,5,5,0.0
cf-1300,0.7,1.0,0.0,5,5,5,0.0
cf-1302,0.95,0.0,0.0,5,5,5,1.0
cf-1302,0.9,0.0,0.0,5,5,5,1.0
cf-1302,0.85,0.0,0.0,5,5,5,1.0
cf-1302,0.8,0.0,0.0,5,5,5,1.0
cf-1302,0.75,0.0,0.0,5,5,5,1.0
cf-1302,0.7,1.0,0.0,5,5,5,0.0
cf-1305,0.95,1.0,0.0,5,5,5,0.0
cf-1305,0.9,1.0,0.0,5,5,5,0.0
cf-1305,0.85,1.0,0.0,5,5,5,0.0
cf-1305,0.8,1.0,0.0,5,5,5,0.0
cf-1305,0.75,1.0,0.0,5,5,5,0.0
cf-1305,0.7,1.0,0.0,5,5,5,0.0
cf-1308,0.95,1.0,0.2,5,5,5,0.2
cf-1308,0.9,1.0,0.2,5,5,5,0.2
cf-1308,0.85,1.0,0.2,5,5,5,0.2
cf-1308,0.8,1.0,0.2,5,5,5,0.2
cf-1308,0.75,1.0,0.2,5,5,5,0.2
cf-1308,0.7,1.0,0.2,5,5,5,0.2
cf-1311,0.95,0.0,0.0,5,5,5,1.0
cf-1311,0.9,0.0,0.0,5,5,5,1.0
cf-1311,0.85,0.0,0.0,5,5,5,1.0
cf-1311,0.8,0.0,0.0,5,5,5,1.0
cf-1311,0.75,1.0,0.0,5,5,5,0.0
cf-1311,0.7,1.0,0.0,5,5,5,0.0
cf-1312,0.95,1.0,0.0,7,7,7,0.0
cf-1312,0.9,1.0,0.0,7,7,7,0.0
cf-1312,0.85,1.0,0.0,7,7,7,0.0
cf-1312,0.8,1.0,0.0,7,7,7,0.0
cf-1312,0.75,1.0,0.0,7,7,7,0.0
cf-1312,0.7,1.0,0.0,7,7,7,0.0
cf-1315,0.95,1.0,0.0,5,5,5,0.0
cf-1315,0.9,1.0,0.0,5,5,5,0.0
cf-1315,0.85,1.0,0.0,5,5,5,0.0
cf-1315,0.8,1.0,0.0,5,5,5,0.0
cf-1315,0.75,1.0,0.0,5,5,5,0.0
cf-1315,0.7,1.0,0.0,5,5,5,0.0
cf-132,0.95,0.0,0.0,5,5,5,1.0
cf-132,0.9,0.0,0.0,5,5,5,1.0
cf-132,0.85,0.0,0.0,5,5,5,1.0
cf-132,0.8,0.0,0.0,5,5,5,1.0
cf-132,0.75,0.0,0.0,5,5,5,1.0
cf-132,0.7,1.0,0.0,5,5,5,0.0
cf-1321,0.95,1.0,0.0,5,5,5,0.0
cf-1321,0.9,1.0,0.0,5,5,5,0.0
cf-1321,0.85,1.0,0.0,5,5,5,0.0
cf-1321,0.8,1.0,0.0,5,5,5,0.0
cf-1321,0.75,0.0,0.0,5,5,5,1.0
cf-1321,0.7,1.0,0.0,5,5,5,0.0
cf-1324,0.95,1.0,0.0,5,5,5,0.0
cf-1324,0.9,1.0,0.0,5,5,5,0.0
cf-1324,0.85,1.0,0.0,5,5,5,0.0
cf-1324,0.8,0.0,0.0,5,5,5,1.0
cf-1324,0.75,1.0,0.0,5,5,5,0.0
cf-1324,0.7,1.0,0.0,5,5,5,0.0
cf-1340,0.95,0.0,0.0,5,5,5,1.0
cf-1340,0.9,0.0,0.0,5,5,5,1.0
cf-1340,0.85,0.0,0.0,5,5,5,1.0
cf-1340,0.8,0.0,0.0,5,5,5,1.0
cf-1340,0.75,1.0,0.0,5,5,5,0.0
cf-1340,0.7,1.0,0.0,5,5,5,0.0
cf-1345,0.95,0.0,0.0,11,11,11,1.0
cf-1345,0.9,0.0,0.0,11,11,11,1.0
cf-1345,0.85,0.0,0.0,11,11,11,1.0
cf-1345,0.8,0.0,0.0,11,11,11,1.0
cf-1345,0.75,0.0,0.0,11,11,11,1.0
cf-1345,0.7,1.0,0.0,11,11,11,0.0
cf-1358,0.95,0.0,0.0,9,9,9,1.0
cf-1358,0.9,0.0,0.0,9,9,9,1.0
cf-1358,0.85,0.0,0.0,9,9,9,1.0
cf-1358,0.8,1.0,0.0,9,9,9,0.0
cf-1358,0.75,0.0,0.0,9,9,9,1.0
cf-1358,0.7,1.0,0.0,9,9,9,0.0
cf-1361,0.95,1.0,0.0,5,5,5,0.0
cf-1361,0.9,1.0,0.0,5,5,5,0.0
cf-1361,0.85,1.0,0.0,5,5,5,0.0
cf-1361,0.8,1.0,0.0,5,5,5,0.0
cf-1361,0.75,1.0,0.0,5,5,5,0.0
cf-1361,0.7,1.0,0.0,5,5,5,0.0
cf-1363,0.95,0.0,0.0,20,20,20,1.0
cf-1363,0.9,0.0,0.0,20,20,20,1.0
cf-1363,0.85,0.0,0.0,20,20,20,1.0
cf-1363,0.8,1.0,0.0,20,20,20,0.0
cf-1363,0.75,1.0,0.0,20,20,20,0.0
cf-1363,0.7,1.0,0.0,20,20,20,0.0
cf-1367,0.95,0.0,0.0,20,20,20,1.0
cf-1367,0.9,0.0,0.0,20,20,20,1.0
cf-1367,0.85,0.0,0.0,20,20,20,1.0
cf-1367,0.8,1.0,0.0,20,20,20,0.0
cf-1367,0.75,0.0,0.0,20,20,20,1.0
cf-1367,0.7,0.0,0.05,20,20,20,1.05
cf-137,0.95,0.0,0.0,6,6,6,1.0
cf-137,0.9,0.0,0.0,6,6,6,1.0
cf-137,0.85,0.0,0.0,6,6,6,1.0
cf-137,0.8,0.0,0.0,6,6,6,1.0
cf-137,0.75,0.0,0.0,6,6,6,1.0
cf-137,0.7,0.0,0.0,6,6,6,1.0
cf-1373,0.95,0.0,0.0,11,11,11,1.0
cf-1373,0.9,1.0,0.0,11,11,11,0.0
cf-1373,0.85,1.0,0.0,11,11,11,0.0
cf-1373,0.8,1.0,0.0,11,11,11,0.0
cf-1373,0.75,1.0,0.0,11,11,11,0.0
cf-1373,0.7,0.0,0.0,11,11,11,1.0
cf-1375,0.95,1.0,0.0,5,5,5,0.0
cf-1375,0.9,1.0,0.0,5,5,5,0.0
cf-1375,0.85,1.0,0.0,5,5,5,0.0
cf-1375,0.8,1.0,0.0,5,5,5,0.0
cf-1375,0.75,1.0,0.0,5,5,5,0.0
cf-1375,0.7,0.0,0.0,5,5,5,1.0
cf-1380,0.95,1.0,0.0,5,5,5,0.0
cf-1380,0.9,1.0,0.0,5,5,5,0.0
cf-1380,0.85,1.0,0.0,5,5,5,0.0
cf-1380,0.8,1.0,0.0,5,5,5,0.0
cf-1380,0.75,1.0,0.0,5,5,5,0.0
cf-1380,0.7,1.0,0.0,5,5,5,0.0
cf-1381,0.95,0.0,0.0,20,20,20,1.0
cf-1381,0.9,0.0,0.0,20,20,20,1.0
cf-1381,0.85,0.0,0.0,20,20,20,1.0
cf-1381,0.8,0.0,0.0,20,20,20,1.0
cf-1381,0.75,0.0,0.0,20,20,20,1.0
cf-1381,0.7,0.0,0.0,20,20,20,1.0
cf-1382,0.95,1.0,0.0,5,5,5,0.0
cf-1382,0.9,1.0,0.0,5,5,5,0.0
cf-1382,0.85,1.0,0.0,5,5,5,0.0
cf-1382,0.8,1.0,0.0,5,5,5,0.0
cf-1382,0.75,1.0,0.0,5,5,5,0.0
cf-1382,0.7,1.0,0.0,5,5,5,0.0
cf-1384,0.95,1.0,0.0,5,5,5,0.0
cf-1384,0.9,1.0,0.0,5,5,5,0.0
cf-1384,0.85,1.0,0.0,5,5,5,0.0
cf-1384,0.8,1.0,0.0,5,5,5,0.0
cf-1384,0.75,1.0,0.0,5,5,5,0.0
cf-1384,0.7,1.0,0.0,5,5,5,0.0
cf-1385,0.95,0.0,0.0,5,5,5,1.0
cf-1385,0.9,0.0,0.0,5,5,5,1.0
cf-1385,0.85,1.0,0.0,5,5,5,0.0
cf-1385,0.8,1.0,0.0,5,5,5,0.0
cf-1385,0.75,0.0,0.0,5,5,5,1.0
cf-1385,0.7,1.0,0.0,5,5,5,0.0
cf-139,0.95,0.0,0.0,15,15,15,1.0
cf-139,0.9,0.0,0.0,15,15,15,1.0
cf-139,0.85,0.0,0.0,15,15,15,1.0
cf-139,0.8,0.0,0.0,15,15,15,1.0
cf-139,0.75,0.0,0.0,15,15,15,1.0
cf-139,0.7,0.0,0.0,15,15,15,1.0
cf-1390,0.95,1.0,0.0,5,5,5,0.0
cf-1390,0.9,1.0,0.0,5,5,5,0.0
cf-1390,0.85,1.0,0.0,5,5,5,0.0
cf-1390,0.8,1.0,0.0,5,5,5,0.0
cf-1390,0.75,1.0,0.0,5,5,5,0.0
cf-1390,0.7,1.0,0.0,5,5,5,0.0
cf-1393,0.95,1.0,0.0,5,5,5,0.0
cf-1393,0.9,1.0,0.0,5,5,5,0.0
cf-1393,0.85,1.0,0.0,5,5,5,0.0
cf-1393,0.8,1.0,0.0,5,5,5,0.0
cf-1393,0.75,1.0,0.0,5,5,5,0.0
cf-1393,0.7,1.0,0.0,5,5,5,0.0
cf-1399,0.95,1.0,0.0,5,5,5,0.0
cf-1399,0.9,1.0,0.0,5,5,5,0.0
cf-1399,0.85,0.0,0.0,5,5,5,1.0
cf-1399,0.8,0.0,0.0,5,5,5,1.0
cf-1399,0.75,0.0,0.0,5,5,5,1.0
cf-1399,0.7,0.0,0.0,5,5,5,1.0
cf-14,0.95,0.0,0.0,5,5,5,1.0
cf-14,0.9,0.0,0.0,5,5,5,1.0
cf-14,0.85,0.0,0.0,5,5,5,1.0
cf-14,0.8,0.0,0.0,5,5,5,1.0
cf-14,0.75,0.0,0.0,5,5,5,1.0
cf-14,0.7,0.0,0.0,5,5,5,1.0
cf-1402,0.95,1.0,0.0,5,5,5,0.0
cf-1402,0.9,1.0,0.0,5,5,5,0.0
cf-1402,0.85,1.0,0.0,5,5,5,0.0
cf-1402,0.8,1.0,0.0,5,5,5,0.0
cf-1402,0.75,1.0,0.0,5,5,5,0.0
cf-1402,0.7,1.0,0.0,5,5,5,0.0
cf-1404,0.95,0.0,0.0,5,5,5,1.0
cf-1404,0.9,0.0,0.0,5,5,5,1.0
cf-1404,0.85,0.0,0.0,5,5,5,1.0
cf-1404,0.8,1.0,0.0,5,5,5,0.0
cf-1404,0.75,0.0,0.0,5,5,5,1.0
cf-1404,0.7,1.0,0.0,5,5,5,0.0
cf-1406,0.95,0.0,0.0,5,5,5,1.0
cf-1406,0.9,0.0,0.0,5,5,5,1.0
cf-1406,0.85,0.0,0.0,5,5,5,1.0
cf-1406,0.8,1.0,0.0,5,5,5,0.0
cf-1406,0.75,0.0,0.0,5,5,5,1.0
cf-1406,0.7,0.0,0.0,5,5,5,1.0
cf-1408,0.95,0.0,0.0,12,12,12,1.0
cf-1408,0.9,0.0,0.0,12,12,12,1.0
cf-1408,0.85,0.0,0.0,12,12,12,1.0
cf-1408,0.8,0.0,0.0,12,12,12,1.0
cf-1408,0.75,1.0,0.0,12,12,12,0.0
cf-1408,0.7,0.0,0.0,12,12,12,1.0
cf-1418,0.95,1.0,0.0,5,5,5,0.0
cf-1418,0.9,1.0,0.0,5,5,5,0.0
cf-1418,0.85,1.0,0.0,5,5,5,0.0
cf-1418,0.8,1.0,0.0,5,5,5,0.0
cf-1418,0.75,1.0,0.0,5,5,5,0.0
cf-1418,0.7,1.0,0.0,5,5,5,0.0
cf-1422,0.95,0.0,0.0,18,18,18,1.0
cf-1422,0.9,0.0,0.0,18,18,18,1.0
cf-1422,0.85,0.0,0.0,18,18,18,1.0
cf-1422,0.8,1.0,0.0,18,18,18,0.0
cf-1422,0.75,1.0,0.0,18,18,18,0.0
cf-1422,0.7,0.0,0.0,18,18,18,1.0
cf-1426,0.95,1.0,0.0,5,5,5,0.0
cf-1426,0.9,1.0,0.0,5,5,5,0.0
cf-1426,0.85,1.0,0.0,5,5,5,0.0
cf-1426,0.8,0.0,0.0,5,5,5,1.0
cf-1426,0.75,1.0,0.0,5,5,5,0.0
cf-1426,0.7,1.0,0.0,5,5,5,0.0
cf-1427,0.95,1.0,0.0,5,5,5,0.0
cf-1427,0.9,0.0,0.0,5,5,5,1.0
cf-1427,0.85,1.0,0.0,5,5,5,0.0
cf-1427,0.8,1.0,0.0,5,5,5,0.0
cf-1427,0.75,1.0,0.0,5,5,5,0.0
cf-1427,0.7,1.0,0.0,5,5,5,0.0
cf-1429,0.95,0.0,0.0,5,5,5,1.0
cf-1429,0.9,0.0,0.0,5,5,5,1.0
cf-1429,0.85,1.0,0.0,5,5,5,0.0
cf-1429,0.8,1.0,0.0,5,5,5,0.0
cf-1429,0.75,1.0,0.0,5,5,5,0.0
cf-1429,0.7,1.0,0.0,5,5,5,0.0
cf-1432,0.95,0.0,0.0,6,6,6,1.0
cf-1432,0.9,0.0,0.0,6,6,6,1.0
cf-1432,0.85,0.0,0.0,6,6,6,1.0
cf-1432,0.8,0.0,0.0,6,6,6,1.0
cf-1432,0.75,0.0,0.0,6,6,6,1.0
cf-1432,0.7,1.0,0.0,6,6,6,0.0
cf-1435,0.95,0.0,0.0,5,5,5,1.0
cf-1435,0.9,0.0,0.0,5,5,5,1.0
cf-1435,0.85,0.0,0.0,5,5,5,1.0
cf-1435,0.8,1.0,0.0,5,5,5,0.0
cf-1435,0.75,1.0,0.0,5,5,5,0.0
cf-1435,0.7,1.0,0.0,5,5,5,0.0
cf-144,0.95,1.0,0.0,5,5,5,0.0
cf-144,0.9,1.0,0.0,5,5,5,0.0
cf-144,0.85,1.0,0.0,5,5,5,0.0
cf-144,0.8,1.0,0.0,5,5,5,0.0
cf-144,0.75,1.0,0.0,5,5,5,0.0
cf-144,0.7,1.0,0.0,5,5,5,0.0
cf-1440,0.95,1.0,0.0,5,5,5,0.0
cf-1440,0.9,1.0,0.0,5,5,5,0.0
cf-1440,0.85,1.0,0.0,5,5,5,0.0
cf-1440,0.8,1.0,0.0,5,5,5,0.0
cf-1440,0.75,1.0,0.0,5,5,5,0.0
cf-1440,0.7,1.0,0.0,5,5,5,0.0
cf-1445,0.95,1.0,0.0,5,5,5,0.0
cf-1445,0.9,1.0,0.0,5,5,5,0.0
cf-1445,0.85,1.0,0.0,5,5,5,0.0
cf-1445,0.8,1.0,0.0,5,5,5,0.0
cf-1445,0.75,0.0,0.0,5,5,5,1.0
cf-1445,0.7,1.0,0.0,5,5,5,0.0
cf-1449,0.95,1.0,0.0,5,5,5,0.0
cf-1449,0.9,1.0,0.0,5,5,5,0.0
cf-1449,0.85,1.0,0.0,5,5,5,0.0
cf-1449,0.8,1.0,0.0,5,5,5,0.0
cf-1449,0.75,1.0,0.0,5,5,5,0.0
cf-1449,0.7,1.0,0.0,5,5,5,0.0
cf-1451,0.95,1.0,0.0,5,5,5,0.0
cf-1451,0.9,1.0,0.0,5,5,5,0.0
cf-1451,0.85,1.0,0.0,5,5,5,0.0
cf-1451,0.8,1.0,0.0,5,5,5,0.0
cf-1451,0.75,1.0,0.0,5,5,5,0.0
cf-1451,0.7,1.0,0.0,5,5,5,0.0
cf-1457,0.95,0.0,0.0,5,5,5,1.0
cf-1457,0.9,0.0,0.0,5,5,5,1.0
cf-1457,0.85,0.0,0.0,5,5,5,1.0
cf-1457,0.8,0.0,0.0,5,5,5,1.0
cf-1457,0.75,1.0,0.0,5,5,5,0.0
cf-1457,0.7,1.0,0.0,5,5,5,0.0
cf-146,0.95,0.0,0.0,5,5,5,1.0
cf-146,0.9,0.0,0.0,5,5,5,1.0
cf-146,0.85,0.0,0.0,5,5,5,1.0
cf-146,0.8,0.0,0.0,5,5,5,1.0
cf-146,0.75,0.0,0.0,5,5,5,1.0
cf-146,0.7,1.0,0.0,5,5,5,0.0
cf-1461,0.95,1.0,0.0,5,5,5,0.0
cf-1461,0.9,1.0,0.0,5,5,5,0.0
cf-1461,0.85,1.0,0.0,5,5,5,0.0
cf-1461,0.8,1.0,0.0,5,5,5,0.0
cf-1461,0.75,0.0,0.0,5,5,5,1.0
cf-1461,0.7,1.0,0.0,5,5,5,0.0
cf-1463,0.95,1.0,0.0,5,5,5,0.0
cf-1463,0.9,1.0,0.0,5,5,5,0.0
cf-1463,0.85,1.0,0.0,5,5,5,0.0
cf-1463,0.8,1.0,0.0,5,5,5,0.0
cf-1463,0.75,1.0,0.0,5,5,5,0.0
cf-1463,0.7,1.0,0.0,5,5,5,0.0
cf-1464,0.95,1.0,0.0,5,5,5,0.0
cf-1464,0.9,1.0,0.0,5,5,5,0.0
cf-1464,0.85,1.0,0.0,5,5,5,0.0
cf-1464,0.8,1.0,0.0,5,5,5,0.0
cf-1464,0.75,1.0,0.0,5,5,5,0.0
cf-1464,0.7,1.0,0.0,5,5,5,0.0
cf-1475,0.95,0.0,0.0,5,5,5,1.0
cf-1475,0.9,0.0,0.0,5,5,5,1.0
cf-1475,0.85,0.0,0.0,5,5,5,1.0
cf-1475,0.8,1.0,0.0,5,5,5,0.0
cf-1475,0.75,1.0,0.0,5,5,5,0.0
cf-1475,0.7,1.0,0.0,5,5,5,0.0
cf-1479,0.95,1.0,0.0,5,5,5,0.0
cf-1479,0.9,1.0,0.0,5,5,5,0.0
cf-1479,0.85,1.0,0.0,5,5,5,0.0
cf-1479,0.8,1.0,0.0,5,5,5,0.0
cf-1479,0.75,1.0,0.0,5,5,5,0.0
cf-1479,0.7,1.0,0.0,5,5,5,0.0
cf-148,0.95,1.0,0.0,5,5,5,0.0
cf-148,0.9,1.0,0.0,5,5,5,0.0
cf-148,0.85,1.0,0.0,5,5,5,0.0
cf-148,0.8,1.0,0.0,5,5,5,0.0
cf-148,0.75,1.0,0.0,5,5,5,0.0
cf-148,0.7,1.0,0.0,5,5,5,0.0
cf-1485,0.95,1.0,0.0,5,5,5,0.0
cf-1485,0.9,1.0,0.0,5,5,5,0.0
cf-1485,0.85,1.0,0.0,5,5,5,0.0
cf-1485,0.8,1.0,0.0,5,5,5,0.0
cf-1485,0.75,1.0,0.0,5,5,5,0.0
cf-1485,0.7,1.0,0.0,5,5,5,0.0
cf-1487,0.95,0.0,0.0,5,5,5,1.0
cf-1487,0.9,0.0,0.0,5,5,5,1.0
cf-1487,0.85,0.0,0.0,5,5,5,1.0
cf-1487,0.8,0.0,0.0,5,5,5,1.0
cf-1487,0.75,0.0,0.0,5,5,5,1.0
cf-1487,0.7,0.0,0.0,5,5,5,1.0
cf-1488,0.95,1.0,0.0,5,5,5,0.0
cf-1488,0.9,1.0,0.0,5,5,5,0.0
cf-1488,0.85,1.0,0.0,5,5,5,0.0
cf-1488,0.8,1.0,0.0,5,5,5,0.0
cf-1488,0.75,1.0,0.0,5,5,5,0.0
cf-1488,0.7,1.0,0.0,5,5,5,0.0
cf-15,0.95,1.0,0.0,5,5,5,0.0
cf-15,0.9,1.0,0.0,5,5,5,0.0
cf-15,0.85,1.0,0.0,5,5,5,0.0
cf-15,0.8,1.0,0.0,5,5,5,0.0
cf-15,0.75,1.0,0.0,5,5,5,0.0
cf-15,0.7,1.0,0.0,5,5,5,0.0
cf-150,0.95,1.0,0.0,5,5,5,0.0
cf-150,0.9,1.0,0.0,5,5,5,0.0
cf-150,0.85,1.0,0.0,5,5,5,0.0
cf-150,0.8,1.0,0.0,5,5,5,0.0
cf-150,0.75,1.0,0.0,5,5,5,0.0
cf-150,0.7,1.0,0.0,5,5,5,0.0
cf-151,0.95,1.0,0.0,5,5,5,0.0
cf-151,0.9,1.0,0.0,5,5,5,0.0
cf-151,0.85,1.0,0.0,5,5,5,0.0
cf-151,0.8,1.0,0.0,5,5,5,0.0
cf-151,0.75,1.0,0.0,5,5,5,0.0
cf-151,0.7,1.0,0.0,5,5,5,0.0
cf-152,0.95,0.0,0.0,5,5,5,1.0
cf-152,0.9,0.0,0.0,5,5,5,1.0
cf-152,0.85,0.0,0.0,5,5,5,1.0
cf-152,0.8,0.0,0.0,5,5,5,1.0
cf-152,0.75,1.0,0.0,5,5,5,0.0
cf-152,0.7,1.0,0.0,5,5,5,0.0
cf-154,0.95,1.0,0.0,16,16,16,0.0
cf-154,0.9,1.0,0.0,16,16,16,0.0
cf-154,0.85,1.0,0.0,16,16,16,0.0
cf-154,0.8,1.0,0.0,16,16,16,0.0
cf-154,0.75,0.0,0.0,16,16,16,1.0
cf-154,0.7,0.0,0.125,16,16,16,1.125
cf-163,0.95,0.0,0.0,14,14,14,1.0
cf-163,0.9,0.0,0.0,14,14,14,1.0
cf-163,0.85,0.0,0.0,14,14,14,1.0
cf-163,0.8,0.0,0.0,14,14,14,1.0
cf-163,0.75,0.0,0.0,14,14,14,1.0
cf-163,0.7,0.0,0.0,14,14,14,1.0
cf-17,0.95,0.0,0.0,5,5,5,1.0
cf-17,0.9,0.0,0.0,5,5,5,1.0
cf-17,0.85,0.0,0.0,5,5,5,1.0
cf-17,0.8,0.0,0.0,5,5,5,1.0
cf-17,0.75,0.0,0.0,5,5,5,1.0
cf-17,0.7,0.0,0.0,5,5,5,1.0
cf-174,0.95,1.0,0.0,5,5,5,0.0
cf-174,0.9,1.0,0.0,5,5,5,0.0
cf-174,0.85,1.0,0.0,5,5,5,0.0
cf-174,0.8,1.0,0.0,5,5,5,0.0
cf-174,0.75,1.0,0.0,5,5,5,0.0
cf-174,0.7,1.0,0.0,5,5,5,0.0
cf-18,0.95,1.0,0.0,15,15,15,0.0
cf-18,0.9,1.0,0.0,15,15,15,0.0
cf-18,0.85,1.0,0.0,15,15,15,0.0
cf-18,0.8,1.0,0.0,15,15,15,0.0
cf-18,0.75,0.0,0.0,15,15,15,1.0
cf-18,0.7,0.0,0.0,15,15,15,1.0
cf-182,0.95,0.0,0.0,6,6,6,1.0
cf-182,0.9,0.0,0.0,6,6,6,1.0
cf-182,0.85,0.0,0.0,6,6,6,1.0
cf-182,0.8,0.0,0.0,6,6,6,1.0
cf-182,0.75,0.0,0.0,6,6,6,1.0
cf-182,0.7,1.0,0.0,6,6,6,0.0
cf-184,0.95,1.0,0.0,20,20,20,0.0
cf-184,0.9,1.0,0.0,20,20,20,0.0
cf-184,0.85,1.0,0.0,20,20,20,0.0
cf-184,0.8,1.0,0.0,20,20,20,0.0
cf-184,0.75,1.0,0.0,20,20,20,0.0
cf-184,0.7,1.0,0.0,20,20,20,0.0
cf-185,0.95,1.0,0.0,5,5,5,0.0
cf-185,0.9,1.0,0.0,5,5,5,0.0
cf-185,0.85,1.0,0.0,5,5,5,0.0
cf-185,0.8,1.0,0.0,5,5,5,0.0
cf-185,0.75,1.0,0.0,5,5,5,0.0
cf-185,0.7,1.0,0.0,5,5,5,0.0
cf-190,0.95,0.0,0.0,5,5,5,1.0
cf-190,0.9,0.0,0.0,5,5,5,1.0
cf-190,0.85,0.0,0.0,5,5,5,1.0
cf-190,0.8,0.0,0.0,5,5,5,1.0
cf-190,0.75,0.0,0.0,5,5,5,1.0
cf-190,0.7,1.0,0.0,5,5,5,0.0
cf-192,0.95,1.0,0.0,5,5,5,0.0
cf-192,0.9,1.0,0.0,5,5,5,0.0
cf-192,0.85,1.0,0.0,5,5,5,0.0
cf-192,0.8,1.0,0.0,5,5,5,0.0
cf-192,0.75,1.0,0.0,5,5,5,0.0
cf-192,0.7,1.0,0.0,5,5,5,0.0
cf-197,0.95,0.0,0.0,5,5,5,1.0
cf-197,0.9,0.0,0.0,5,5,5,1.0
cf-197,0.85,0.0,0.0,5,5,5,1.0
cf-197,0.8,0.0,0.0,5,5,5,1.0
cf-197,0.75,0.0,0.0,5,5,5,1.0
cf-197,0.7,1.0,0.0,5,5,5,0.0
cf-20,0.95,1.0,0.0,5,5,5,0.0
cf-20,0.9,1.0,0.0,5,5,5,0.0
cf-20,0.85,1.0,0.0,5,5,5,0.0
cf-20,0.8,1.0,0.0,5,5,5,0.0
cf-20,0.75,1.0,0.0,5,5,5,0.0
cf-20,0.7,1.0,0.0,5,5,5,0.0
cf-203,0.95,0.0,0.0,5,5,5,1.0
cf-203,0.9,0.0,0.0,5,5,5,1.0
cf-203,0.85,0.0,0.0,5,5,5,1.0
cf-203,0.8,0.0,0.0,5,5,5,1.0
cf-203,0.75,0.0,0.0,5,5,5,1.0
cf-203,0.7,1.0,0.0,5,5,5,0.0
cf-207,0.95,0.0,0.0,5,5,5,1.0
cf-207,0.9,0.0,0.0,5,5,5,1.0
cf-207,0.85,0.0,0.0,5,5,5,1.0
cf-207,0.8,0.0,0.0,5,5,5,1.0
cf-207,0.75,0.0,0.0,5,5,5,1.0
cf-207,0.7,1.0,0.0,5,5,5,0.0
cf-208,0.95,0.0,0.0,5,5,5,1.0
cf-208,0.9,0.0,0.0,5,5,5,1.0
cf-208,0.85,0.0,0.0,5,5,5,1.0
cf-208,0.8,0.0,0.0,5,5,5,1.0
cf-208,0.75,0.0,0.0,5,5,5,1.0
cf-208,0.7,1.0,0.0,5,5,5,0.0
cf-22,0.95,0.0,0.0,5,5,5,1.0
cf-22,0.9,0.0,0.0,5,5,5,1.0
cf-22,0.85,0.0,0.0,5,5,5,1.0
cf-22,0.8,0.0,0.0,5,5,5,1.0
cf-22,0.75,0.0,0.0,5,5,5,1.0
cf-22,0.7,1.0,0.0,5,5,5,0.0
cf-222,0.95,1.0,0.0,5,5,5,0.0
cf-222,0.9,1.0,0.0,5,5,5,0.0
cf-222,0.85,1.0,0.0,5,5,5,0.0
cf-222,0.8,1.0,0.0,5,5,5,0.0
cf-222,0.75,1.0,0.0,5,5,5,0.0
cf-222,0.7,1.0,0.0,5,5,5,0.0
cf-225,0.95,0.0,0.0,10,10,10,1.0
cf-225,0.9,0.0,0.0,10,10,10,1.0
cf-225,0.85,0.0,0.0,10,10,10,1.0
cf-225,0.8,0.0,0.0,10,10,10,1.0
cf-225,0.75,0.0,0.0,10,10,10,1.0
cf-225,0.7,0.0,0.0,10,10,10,1.0
cf-23,0.95,1.0,0.0,5,5,5,0.0
cf-23,0.9,1.0,0.0,5,5,5,0.0
cf-23,0.85,1.0,0.0,5,5,5,0.0
cf-23,0.8,1.0,0.0,5,5,5,0.0
cf-23,0.75,1.0,0.0,5,5,5,0.0
cf-23,0.7,1.0,0.0,5,5,5,0.0
cf-231,0.95,0.0,0.0,11,11,11,1.0
cf-231,0.9,0.0,0.0,11,11,11,1.0
cf-231,0.85,0.0,0.0,11,11,11,1.0
cf-231,0.8,0.0,0.0,11,11,11,1.0
cf-231,0.75,0.0,0.18181818181818182,11,11,11,1.1818181818181819
cf-231,0.7,0.0,0.18181818181818182,11,11,11,1.1818181818181819
cf-235,0.95,0.0,0.0,5,5,5,1.0
cf-235,0.9,0.0,0.0,5,5,5,1.0
cf-235,0.85,0.0,0.0,5,5,5,1.0
cf-235,0.8,0.0,0.0,5,5,5,1.0
cf-235,0.75,0.0,0.0,5,5,5,1.0
cf-235,0.7,1.0,0.0,5,5,5,0.0
cf-238,0.95,0.0,0.0,5,5,5,1.0
cf-238,0.9,1.0,0.0,5,5,5,0.0
cf-238,0.85,1.0,0.0,5,5,5,0.0
cf-238,0.8,0.0,0.0,5,5,5,1.0
cf-238,0.75,0.0,0.0,5,5,5,1.0
cf-238,0.7,1.0,0.0,5,5,5,0.0
cf-253,0.95,1.0,0.0,5,5,5,0.0
cf-253,0.9,1.0,0.0,5,5,5,0.0
cf-253,0.85,1.0,0.0,5,5,5,0.0
cf-253,0.8,1.0,0.0,5,5,5,0.0
cf-253,0.75,1.0,0.0,5,5,5,0.0
cf-253,0.7,0.0,0.0,5,5,5,1.0
cf-260,0.95,0.0,0.0,15,15,15,1.0
cf-260,0.9,0.0,0.0,15,15,15,1.0
cf-260,0.85,0.0,0.0,15,15,15,1.0
cf-260,0.8,0.0,0.0,15,15,15,1.0
cf-260,0.75,0.0,0.06666666666666667,15,15,15,1.0666666666666667
cf-260,0.7,0.0,0.06666666666666667,15,15,15,1.0666666666666667
cf-262,0.95,0.0,0.0,5,5,5,1.0
cf-262,0.9,0.0,0.0,5,5,5,1.0
cf-262,0.85,0.0,0.0,5,5,5,1.0
cf-262,0.8,0.0,0.0,5,5,5,1.0
cf-262,0.75,0.0,0.0,5,5,5,1.0
cf-262,0.7,0.0,0.0,5,5,5,1.0
cf-264,0.95,0.0,0.0,17,17,17,1.0
cf-264,0.9,0.0,0.0,17,17,17,1.0
cf-264,0.85,0.0,0.0,17,17,17,1.0
cf-264,0.8,0.0,0.0,17,17,17,1.0
cf-264,0.75,0.0,0.0,17,17,17,1.0
cf-264,0.7,0.0,0.0,17,17,17,1.0
cf-268,0.95,1.0,0.0,5,5,5,0.0
cf-268,0.9,1.0,0.0,5,5,5,0.0
cf-268,0.85,1.0,0.0,5,5,5,0.0
cf-268,0.8,1.0,0.0,5,5,5,0.0
cf-268,0.75,1.0,0.0,5,5,5,0.0
cf-268,0.7,1.0,0.0,5,5,5,0.0
cf-276,0.95,1.0,0.0,5,5,5,0.0
cf-276,0.9,1.0,0.0,5,5,5,0.0
cf-276,0.85,1.0,0.0,5,5,5,0.0
cf-276,0.8,1.0,0.0,5,5,5,0.0
cf-276,0.75,1.0,0.0,5,5,5,0.0
cf-276,0.7,1.0,0.0,5,5,5,0.0
cf-279,0.95,1.0,0.0,19,19,19,0.0
cf-279,0.9,1.0,0.0,19,19,19,0.0
cf-279,0.85,1.0,0.0,19,19,19,0.0
cf-279,0.8,1.0,0.0,19,19,19,0.0
cf-279,0.75,1.0,0.0,19,19,19,0.0
cf-279,0.7,0.0,0.0,19,19,19,1.0
cf-296,0.95,1.0,0.0,5,5,5,0.0
cf-296,0.9,1.0,0.0,5,5,5,0.0
cf-296,0.85,1.0,0.0,5,5,5,0.0
cf-296,0.8,1.0,0.0,5,5,5,0.0
cf-296,0.75,1.0,0.0,5,5,5,0.0
cf-296,0.7,1.0,0.0,5,5,5,0.0
cf-3,0.95,0.0,0.0,5,5,5,1.0
cf-3,0.9,0.0,0.0,5,5,5,1.0
cf-3,0.85,0.0,0.0,5,5,5,1.0
cf-3,0.8,0.0,0.0,5,5,5,1.0
cf-3,0.75,1.0,0.0,5,5,5,0.0
cf-3,0.7,1.0,0.0,5,5,5,0.0
cf-301,0.95,1.0,0.0,5,5,5,0.0
cf-301,0.9,1.0,0.0,5,5,5,0.0
cf-301,0.85,1.0,0.0,5,5,5,0.0
cf-301,0.8,1.0,0.0,5,5,5,0.0
cf-301,0.75,0.0,0.0,5,5,5,1.0
cf-301,0.7,1.0,0.0,5,5,5,0.0
cf-303,0.95,1.0,0.0,5,5,5,0.0
cf-303,0.9,1.0,0.0,5,5,5,0.0
cf-303,0.85,1.0,0.0,5,5,5,0.0
cf-303,0.8,1.0,0.0,5,5,5,0.0
cf-303,0.75,1.0,0.0,5,5,5,0.0
cf-303,0.7,1.0,0.0,5,5,5,0.0
cf-305,0.95,1.0,0.0,5,5,5,0.0
cf-305,0.9,1.0,0.0,5,5,5,0.0
cf-305,0.85,1.0,0.0,5,5,5,0.0
cf-305,0.8,1.0,0.0,5,5,5,0.0
cf-305,0.75,1.0,0.0,5,5,5,0.0
cf-305,0.7,1.0,0.0,5,5,5,0.0
cf-307,0.95,0.0,0.0,8,8,8,1.0
cf-307,0.9,0.0,0.0,8,8,8,1.0
cf-307,0.85,0.0,0.0,8,8,8,1.0
cf-307,0.8,0.0,0.0,8,8,8,1.0
cf-307,0.75,0.0,0.0,8,8,8,1.0
cf-307,0.7,1.0,0.0,8,8,8,0.0
cf-308,0.95,1.0,0.0,5,5,5,0.0
cf-308,0.9,1.0,0.0,5,5,5,0.0
cf-308,0.85,1.0,0.0,5,5,5,0.0
cf-308,0.8,1.0,0.0,5,5,5,0.0
cf-308,0.75,1.0,0.0,5,5,5,0.0
cf-308,0.7,1.0,0.0,5,5,5,0.0
cf-312,0.95,0.0,0.0,5,5,5,1.0
cf-312,0.9,0.0,0.0,5,5,5,1.0
cf-312,0.85,0.0,0.0,5,5,5,1.0
cf-312,0.8,0.0,0.0,5,5,5,1.0
cf-312,0.75,1.0,0.0,5,5,5,0.0
cf-312,0.7,1.0,0.0,5,5,5,0.0
cf-313,0.95,0.0,0.0,5,5,5,1.0
cf-313,0.9,0.0,0.0,5,5,5,1.0
cf-313,0.85,0.0,0.0,5,5,5,1.0
cf-313,0.8,0.0,0.0,5,5,5,1.0
cf-313,0.75,1.0,0.0,5,5,5,0.0
cf-313,0.7,1.0,0.0,5,5,5,0.0
cf-316,0.95,0.0,0.0,5,5,5,1.0
cf-316,0.9,0.0,0.0,5,5,5,1.0
cf-316,0.85,0.0,0.0,5,5,5,1.0
cf-316,0.8,0.0,0.0,5,5,5,1.0
cf-316,0.75,1.0,0.0,5,5,5,0.0
cf-316,0.7,1.0,0.0,5,5,5,0.0
cf-330,0.95,0.0,0.0,5,5,5,1.0
cf-330,0.9,0.0,0.0,5,5,5,1.0
cf-330,0.85,0.0,0.0,5,5,5,1.0
cf-330,0.8,0.0,0.0,5,5,5,1.0
cf-330,0.75,1.0,0.0,5,5,5,0.0
cf-330,0.7,1.0,0.0,5,5,5,0.0
cf-333,0.95,0.0,0.0,5,5,5,1.0
cf-333,0.9,0.0,0.0,5,5,5,1.0
cf-333,0.85,0.0,0.0,5,5,5,1.0
cf-333,0.8,0.0,0.0,5,5,5,1.0
cf-333,0.75,1.0,0.0,5,5,5,0.0
cf-333,0.7,1.0,0.0,5,5,5,0.0
cf-335,0.95,0.0,0.0,5,5,5,1.0
cf-335,0.9,0.0,0.0,5,5,5,1.0
cf-335,0.85,0.0,0.0,5,5,5,1.0
cf-335,0.8,0.0,0.0,5,5,5,1.0
cf-335,0.75,0.0,0.0,5,5,5,1.0
cf-335,0.7,0.0,0.0,5,5,5,1.0
cf-338,0.95,0.0,0.0,5,5,5,1.0
cf-338,0.9,0.0,0.0,5,5,5,1.0
cf-338,0.85,0.0,0.0,5,5,5,1.0
cf-338,0.8,0.0,0.0,5,5,5,1.0
cf-338,0.75,0.0,0.0,5,5,5,1.0
cf-338,0.7,1.0,0.0,5,5,5,0.0
cf-341,0.95,1.0,0.0,5,5,5,0.0
cf-341,0.9,1.0,0.0,5,5,5,0.0
cf-341,0.85,1.0,0.0,5,5,5,0.0
cf-341,0.8,0.0,0.0,5,5,5,1.0
cf-341,0.75,1.0,0.0,5,5,5,0.0
cf-341,0.7,1.0,0.0,5,5,5,0.0
cf-351,0.95,1.0,0.0,5,5,5,0.0
cf-351,0.9,1.0,0.0,5,5,5,0.0
cf-351,0.85,1.0,0.0,5,5,5,0.0
cf-351,0.8,1.0,0.0,5,5,5,0.0
cf-351,0.75,1.0,0.0,5,5,5,0.0
cf-351,0.7,1.0,0.0,5,5,5,0.0
cf-354,0.95,1.0,0.0,5,5,5,0.0
cf-354,0.9,1.0,0.0,5,5,5,0.0
cf-354,0.85,1.0,0.0,5,5,5,0.0
cf-354,0.8,1.0,0.0,5,5,5,0.0
cf-354,0.75,0.0,0.0,5,5,5,1.0
cf-354,0.7,1.0,0.0,5,5,5,0.0
cf-355,0.95,1.0,0.0,5,5,5,0.0
cf-355,0.9,1.0,0.0,5,5,5,0.0
cf-355,0.85,1.0,0.0,5,5,5,0.0
cf-355,0.8,1.0,0.0,5,5,5,0.0
cf-355,0.75,0.0,0.0,5,5,5,1.0
cf-355,0.7,1.0,0.0,5,5,5,0.0
cf-357,0.95,1.0,0.0,5,5,5,0.0
cf-357,0.9,1.0,0.0,5,5,5,0.0
cf-357,0.85,1.0,0.0,5,5,5,0.0
cf-357,0.8,0.0,0.0,5,5,5,1.0
cf-357,0.75,1.0,0.0,5,5,5,0.0
cf-357,0.7,1.0,0.0,5,5,5,0.0
cf-359,0.95,1.0,0.0,5,5,5,0.0
cf-359,0.9,1.0,0.0,5,5,5,0.0
cf-359,0.85,1.0,0.0,5,5,5,0.0
cf-359,0.8,1.0,0.0,5,5,5,0.0
cf-359,0.75,1.0,0.0,5,5,5,0.0
cf-359,0.7,1.0,0.0,5,5,5,0.0
cf-361,0.95,0.0,0.0,8,8,8,1.0
cf-361,0.9,0.0,0.0,8,8,8,1.0
cf-361,0.85,0.0,0.0,8,8,8,1.0
cf-361,0.8,0.0,0.0,8,8,8,1.0
cf-361,0.75,1.0,0.0,8,8,8,0.0
cf-361,0.7,1.0,0.0,8,8,8,0.0
cf-365,0.95,0.0,0.0,5,5,5,1.0
cf-365,0.9,1.0,0.0,5,5,5,0.0
cf-365,0.85,1.0,0.0,5,5,5,0.0
cf-365,0.8,1.0,0.0,5,5,5,0.0
cf-365,0.75,1.0,0.0,5,5,5,0.0
cf-365,0.7,1.0,0.0,5,5,5,0.0
cf-379,0.95,0.0,0.0,5,5,5,1.0
cf-379,0.9,0.0,0.0,5,5,5,1.0
cf-379,0.85,0.0,0.0,5,5,5,1.0
cf-379,0.8,0.0,0.0,5,5,5,1.0
cf-379,0.75,0.0,0.0,5,5,5,1.0
cf-379,0.7,1.0,0.0,5,5,5,0.0
cf-38,0.95,1.0,0.0,12,12,12,0.0
cf-38,0.9,1.0,0.0,12,12,12,0.0
cf-38,0.85,1.0,0.0,12,12,12,0.0
cf-38,0.8,0.0,0.0,12,12,12,1.0
cf-38,0.75,0.0,0.0,12,12,12,1.0
cf-38,0.7,0.0,0.0,12,12,12,1.0
cf-381,0.95,0.0,0.0,5,5,5,1.0
cf-381,0.9,0.0,0.0,5,5,5,1.0
cf-381,0.85,0.0,0.0,5,5,5,1.0
cf-381,0.8,1.0,0.0,5,5,5,0.0
cf-381,0.75,1.0,0.0,5,5,5,0.0
cf-381,0.7,1.0,0.0,5,5,5,0.0
cf-383,0.95,1.0,0.0,5,5,5,0.0
cf-383,0.9,1.0,0.0,5,5,5,0.0
cf-383,0.85,1.0,0.0,5,5,5,0.0
cf-383,0.8,0.0,0.0,5,5,5,1.0
cf-383,0.75,1.0,0.0,5,5,5,0.0
cf-383,0.7,1.0,0.0,5,5,5,0.0
cf-385,0.95,1.0,0.0,5,5,5,0.0
cf-385,0.9,1.0,0.0,5,5,5,0.0
cf-385,0.85,1.0,0.0,5,5,5,0.0
cf-385,0.8,0.0,0.0,5,5,5,1.0
cf-385,0.75,1.0,0.0,5,5,5,0.0
cf-385,0.7,1.0,0.0,5,5,5,0.0
cf-387,0.95,1.0,0.0,5,5,5,0.0
cf-387,0.9,1.0,0.0,5,5,5,0.0
cf-387,0.85,1.0,0.0,5,5,5,0.0
cf-387,0.8,1.0,0.0,5,5,5,0.0
cf-387,0.75,1.0,0.0,5,5,5,0.0
cf-387,0.7,1.0,0.0,5,5,5,0.0
cf-391,0.95,1.0,0.1,10,10,10,0.1
cf-391,0.9,1.0,0.1,10,10,10,0.1
cf-391,0.85,1.0,0.1,10,10,10,0.1
cf-391,0.8,1.0,0.1,10,10,10,0.1
cf-391,0.75,1.0,0.1,10,10,10,0.1
cf-391,0.7,1.0,0.1,10,10,10,0.1
cf-397,0.95,0.0,0.0,5,5,5,1.0
cf-397,0.9,0.0,0.0,5,5,5,1.0
cf-397,0.85,0.0,0.0,5,5,5,1.0
cf-397,0.8,0.0,0.0,5,5,5,1.0
cf-397,0.75,0.0,0.0,5,5,5,1.0
cf-397,0.7,1.0,0.0,5,5,5,0.0
cf-398,0.95,1.0,0.0,5,5,5,0.0
cf-398,0.9,1.0,0.0,5,5,5,0.0
cf-398,0.85,1.0,0.0,5,5,5,0.0
cf-398,0.8,1.0,0.0,5,5,5,0.0
cf-398,0.75,1.0,0.0,5,5,5,0.0
cf-398,0.7,1.0,0.0,5,5,5,0.0
cf-405,0.95,1.0,0.0,5,5,5,0.0
cf-405,0.9,1.0,0.0,5,5,5,0.0
cf-405,0.85,1.0,0.0,5,5,5,0.0
cf-405,0.8,0.0,0.0,5,5,5,1.0
cf-405,0.75,1.0,0.0,5,5,5,0.0
cf-405,0.7,1.0,0.0,5,5,5,0.0
cf-406,0.95,0.0,0.0,6,6,6,1.0
cf-406,0.9,0.0,0.0,6,6,6,1.0
cf-406,0.85,0.0,0.0,6,6,6,1.0
cf-406,0.8,0.0,0.0,6,6,6,1.0
cf-406,0.75,0.0,0.0,6,6,6,1.0
cf-406,0.7,1.0,0.0,6,6,6,0.0
cf-415,0.95,0.0,0.0,5,5,5,1.0
cf-415,0.9,0.0,0.0,5,5,5,1.0
cf-415,0.85,0.0,0.0,5,5,5,1.0
cf-415,0.8,0.0,0.0,5,5,5,1.0
cf-415,0.75,1.0,0.0,5,5,5,0.0
cf-415,0.7,1.0,0.0,5,5,5,0.0
cf-419,0.95,1.0,0.0,5,5,5,0.0
cf-419,0.9,1.0,0.0,5,5,5,0.0
cf-419,0.85,1.0,0.0,5,5,5,0.0
cf-419,0.8,1.0,0.0,5,5,5,0.0
cf-419,0.75,1.0,0.0,5,5,5,0.0
cf-419,0.7,1.0,0.0,5,5,5,0.0
cf-422,0.95,1.0,0.0,5,5,5,0.0
cf-422,0.9,1.0,0.0,5,5,5,0.0
cf-422,0.85,1.0,0.0,5,5,5,0.0
cf-422,0.8,1.0,0.0,5,5,5,0.0
cf-422,0.75,1.0,0.0,5,5,5,0.0
cf-422,0.7,0.0,0.0,5,5,5,1.0
cf-424,0.95,0.0,0.0,5,5,5,1.0
cf-424,0.9,0.0,0.0,5,5,5,1.0
cf-424,0.85,0.0,0.0,5,5,5,1.0
cf-424,0.8,0.0,0.0,5,5,5,1.0
cf-424,0.75,0.0,0.0,5,5,5,1.0
cf-424,0.7,1.0,0.0,5,5,5,0.0
cf-425,0.95,1.0,0.0,5,5,5,0.0
cf-425,0.9,1.0,0.0,5,5,5,0.0
cf-425,0.85,1.0,0.0,5,5,5,0.0
cf-425,0.8,1.0,0.0,5,5,5,0.0
cf-425,0.75,1.0,0.0,5,5,5,0.0
cf-425,0.7,1.0,0.0,5,5,5,0.0
cf-43,0.95,0.0,0.0,5,5,5,1.0
cf-43,0.9,0.0,0.0,5,5,5,1.0
cf-43,0.85,0.0,0.0,5,5,5,1.0
cf-43,0.8,0.0,0.0,5,5,5,1.0
cf-43,0.75,0.0,0.2,5,5,5,1.2
cf-43,0.7,1.0,0.4,5,5,5,0.4
cf-433,0.95,1.0,0.0,14,14,14,0.0
cf-433,0.9,1.0,0.0,14,14,14,0.0
cf-433,0.85,1.0,0.0,14,14,14,0.0
cf-433,0.8,1.0,0.0,14,14,14,0.0
cf-433,0.75,1.0,0.0,14,14,14,0.0
cf-433,0.7,1.0,0.0,14,14,14,0.0
cf-442,0.95,1.0,0.0,5,5,5,0.0
cf-442,0.9,1.0,0.0,5,5,5,0.0
cf-442,0.85,1.0,0.0,5,5,5,0.0
cf-442,0.8,1.0,0.0,5,5,5,0.0
cf-442,0.75,1.0,0.0,5,5,5,0.0
cf-442,0.7,1.0,0.0,5,5,5,0.0
cf-452,0.95,0.0,0.0,5,5,5,1.0
cf-452,0.9,0.0,0.0,5,5,5,1.0
cf-452,0.85,0.0,0.0,5,5,5,1.0
cf-452,0.8,1.0,0.0,5,5,5,0.0
cf-452,0.75,1.0,0.0,5,5,5,0.0
cf-452,0.7,1.0,0.0,5,5,5,0.0
cf-454,0.95,1.0,0.0,5,5,5,0.0
cf-454,0.9,1.0,0.0,5,5,5,0.0
cf-454,0.85,1.0,0.0,5,5,5,0.0
cf-454,0.8,1.0,0.0,5,5,5,0.0
cf-454,0.75,1.0,0.0,5,5,5,0.0
cf-454,0.7,1.0,0.0,5,5,5,0.0
cf-457,0.95,1.0,0.0,5,5,5,0.0
cf-457,0.9,1.0,0.0,5,5,5,0.0
cf-457,0.85,1.0,0.0,5,5,5,0.0
cf-457,0.8,1.0,0.0,5,5,5,0.0
cf-457,0.75,1.0,0.0,5,5,5,0.0
cf-457,0.7,1.0,0.0,5,5,5,0.0
cf-458,0.95,0.0,0.0,5,5,5,1.0
cf-458,0.9,0.0,0.0,5,5,5,1.0
cf-458,0.85,0.0,0.0,5,5,5,1.0
cf-458,0.8,0.0,0.0,5,5,5,1.0
cf-458,0.75,1.0,0.0,5,5,5,0.0
cf-458,0.7,1.0,0.0,5,5,5,0.0
cf-459,0.95,0.0,0.0,5,5,5,1.0
cf-459,0.9,0.0,0.0,5,5,5,1.0
cf-459,0.85,0.0,0.0,5,5,5,1.0
cf-459,0.8,1.0,0.0,5,5,5,0.0
cf-459,0.75,1.0,0.0,5,5,5,0.0
cf-459,0.7,1.0,0.0,5,5,5,0.0
cf-471,0.95,1.0,0.0,5,5,5,0.0
cf-471,0.9,1.0,0.0,5,5,5,0.0
cf-471,0.85,1.0,0.0,5,5,5,0.0
cf-471,0.8,1.0,0.0,5,5,5,0.0
cf-471,0.75,1.0,0.0,5,5,5,0.0
cf-471,0.7,1.0,0.0,5,5,5,0.0
cf-472,0.95,1.0,0.0,5,5,5,0.0
cf-472,0.9,1.0,0.0,5,5,5,0.0
cf-472,0.85,1.0,0.0,5,5,5,0.0
cf-472,0.8,1.0,0.0,5,5,5,0.0
cf-472,0.75,1.0,0.0,5,5,5,0.0
cf-472,0.7,1.0,0.0,5,5,5,0.0
cf-475,0.95,0.0,0.0,5,5,5,1.0
cf-475,0.9,0.0,0.0,5,5,5,1.0
cf-475,0.85,0.0,0.0,5,5,5,1.0
cf-475,0.8,1.0,0.0,5,5,5,0.0
cf-475,0.75,0.0,0.0,5,5,5,1.0
cf-475,0.7,1.0,0.0,5,5,5,0.0
cf-477,0.95,1.0,0.0,5,5,5,0.0
cf-477,0.9,1.0,0.0,5,5,5,0.0
cf-477,0.85,1.0,0.0,5,5,5,0.0
cf-477,0.8,1.0,0.0,5,5,5,0.0
cf-477,0.75,1.0,0.0,5,5,5,0.0
cf-477,0.7,1.0,0.0,5,5,5,0.0
cf-491,0.95,0.0,0.0,5,5,5,1.0
cf-491,0.9,0.0,0.0,5,5,5,1.0
cf-491,0.85,0.0,0.0,5,5,5,1.0
cf-491,0.8,0.0,0.0,5,5,5,1.0
cf-491,0.75,1.0,0.0,5,5,5,0.0
cf-491,0.7,1.0,0.0,5,5,5,0.0
cf-50,0.95,1.0,0.0,5,5,5,0.0
cf-50,0.9,1.0,0.0,5,5,5,0.0
cf-50,0.85,1.0,0.0,5,5,5,0.0
cf-50,0.8,1.0,0.0,5,5,5,0.0
cf-50,0.75,1.0,0.0,5,5,5,0.0
cf-50,0.7,1.0,0.0,5,5,5,0.0
cf-501,0.95,0.0,0.0,12,12,12,1.0
cf-501,0.9,0.0,0.0,12,12,12,1.0
cf-501,0.85,0.0,0.0,12,12,12,1.0
cf-501,0.8,0.0,0.0,12,12,12,1.0
cf-501,0.75,0.0,0.0,12,12,12,1.0
cf-501,0.7,0.0,0.0,12,12,12,1.0
cf-507,0.95,1.0,0.0,5,5,5,0.0
cf-507,0.9,1.0,0.0,5,5,5,0.0
cf-507,0.85,1.0,0.0,5,5,5,0.0
cf-507,0.8,1.0,0.0,5,5,5,0.0
cf-507,0.75,1.0,0.0,5,5,5,0.0
cf-507,0.7,1.0,0.0,5,5,5,0.0
cf-508,0.95,0.0,0.0,5,5,5,1.0
cf-508,0.9,0.0,0.0,5,5,5,1.0
cf-508,0.85,0.0,0.0,5,5,5,1.0
cf-508,0.8,0.0,0.0,5,5,5,1.0
cf-508,0.75,0.0,0.0,5,5,5,1.0
cf-508,0.7,1.0,0.0,5,5,5,0.0
cf-509,0.95,1.0,0.0,5,5,5,0.0
cf-509,0.9,1.0,0.0,5,5,5,0.0
cf-509,0.85,1.0,0.0,5,5,5,0.0
cf-509,0.8,1.0,0.0,5,5,5,0.0
cf-509,0.75,1.0,0.0,5,5,5,0.0
cf-509,0.7,0.0,0.0,5,5,5,1.0
cf-513,0.95,0.0,0.0,5,5,5,1.0
cf-513,0.9,0.0,0.0,5,5,5,1.0
cf-513,0.85,0.0,0.0,5,5,5,1.0
cf-513,0.8,1.0,0.0,5,5,5,0.0
cf-513,0.75,1.0,0.0,5,5,5,0.0
cf-513,0.7,1.0,0.0,5,5,5,0.0
cf-516,0.95,1.0,0.0,5,5,5,0.0
cf-516,0.9,1.0,0.0,5,5,5,0.0
cf-516,0.85,1.0,0.0,5,5,5,0.0
cf-516,0.8,1.0,0.0,5,5,5,0.0
cf-516,0.75,0.0,0.0,5,5,5,1.0
cf-516,0.7,1.0,0.0,5,5,5,0.0
cf-517,0.95,0.0,0.0,5,5,5,1.0
cf-517,0.9,0.0,0.0,5,5,5,1.0
cf-517,0.85,0.0,0.0,5,5,5,1.0
cf-517,0.8,0.0,0.0,5,5,5,1.0
cf-517,0.75,0.0,0.0,5,5,5,1.0
cf-517,0.7,1.0,0.0,5,5,5,0.0
cf-52,0.95,0.0,0.14285714285714285,7,7,7,1.1428571428571428
cf-52,0.9,0.0,0.14285714285714285,7,7,7,1.1428571428571428
cf-52,0.85,0.0,0.14285714285714285,7,7,7,1.1428571428571428
cf-52,0.8,0.0,0.14285714285714285,7,7,7,1.1428571428571428
cf-52,0.75,0.0,0.14285714285714285,7,7,7,1.1428571428571428
cf-52,0.7,1.0,0.14285714285714285,7,7,7,0.14285714285714285
cf-530,0.95,1.0,0.0,5,5,5,0.0
cf-530,0.9,1.0,0.0,5,5,5,0.0
cf-530,0.85,1.0,0.0,5,5,5,0.0
cf-530,0.8,1.0,0.0,5,5,5,0.0
cf-530,0.75,1.0,0.0,5,5,5,0.0
cf-530,0.7,1.0,0.0,5,5,5,0.0
cf-536,0.95,0.0,0.0,5,5,5,1.0
cf-536,0.9,0.0,0.0,5,5,5,1.0
cf-536,0.85,0.0,0.0,5,5,5,1.0
cf-536,0.8,0.0,0.0,5,5,5,1.0
cf-536,0.75,0.0,0.0,5,5,5,1.0
cf-536,0.7,1.0,0.0,5,5,5,0.0
cf-537,0.95,0.0,0.0,5,5,5,1.0
cf-537,0.9,0.0,0.0,5,5,5,1.0
cf-537,0.85,0.0,0.0,5,5,5,1.0
cf-537,0.8,0.0,0.0,5,5,5,1.0
cf-537,0.75,1.0,0.0,5,5,5,0.0
cf-537,0.7,1.0,0.0,5,5,5,0.0
cf-539,0.95,1.0,0.0,5,5,5,0.0
cf-539,0.9,1.0,0.0,5,5,5,0.0
cf-539,0.85,1.0,0.0,5,5,5,0.0
cf-539,0.8,1.0,0.0,5,5,5,0.0
cf-539,0.75,1.0,0.0,5,5,5,0.0
cf-539,0.7,1.0,0.0,5,5,5,0.0
cf-544,0.95,1.0,0.0,5,5,5,0.0
cf-544,0.9,1.0,0.0,5,5,5,0.0
cf-544,0.85,1.0,0.0,5,5,5,0.0
cf-544,0.8,1.0,0.0,5,5,5,0.0
cf-544,0.75,1.0,0.0,5,5,5,0.0
cf-544,0.7,1.0,0.0,5,5,5,0.0
cf-549,0.95,1.0,0.0,5,5,5,0.0
cf-549,0.9,1.0,0.0,5,5,5,0.0
cf-549,0.85,1.0,0.0,5,5,5,0.0
cf-549,0.8,1.0,0.0,5,5,5,0.0
cf-549,0.75,1.0,0.0,5,5,5,0.0
cf-549,0.7,1.0,0.0,5,5,5,0.0
cf-555,0.95,1.0,0.0,5,5,5,0.0
cf-555,0.9,1.0,0.0,5,5,5,0.0
cf-555,0.85,1.0,0.0,5,5,5,0.0
cf-555,0.8,1.0,0.0,5,5,5,0.0
cf-555,0.75,1.0,0.0,5,5,5,0.0
cf-555,0.7,1.0,0.0,5,5,5,0.0
cf-56,0.95,0.0,0.0,15,15,15,1.0
cf-56,0.9,0.0,0.0,15,15,15,1.0
cf-56,0.85,0.0,0.0,15,15,15,1.0
cf-56,0.8,0.0,0.0,15,15,15,1.0
cf-56,0.75,0.0,0.0,15,15,15,1.0
cf-56,0.7,0.0,0.0,15,15,15,1.0
cf-561,0.95,1.0,0.0,5,5,5,0.0
cf-561,0.9,1.0,0.0,5,5,5,0.0
cf-561,0.85,1.0,0.0,5,5,5,0.0
cf-561,0.8,1.0,0.0,5,5,5,0.0
cf-561,0.75,1.0,0.0,5,5,5,0.0
cf-561,0.7,1.0,0.0,5,5,5,0.0
cf-571,0.95,0.0,0.0,5,5,5,1.0
cf-571,0.9,0.0,0.0,5,5,5,1.0
cf-571,0.85,0.0,0.0,5,5,5,1.0
cf-571,0.8,0.0,0.0,5,5,5,1.0
cf-571,0.75,0.0,0.0,5,5,5,1.0
cf-571,0.7,1.0,0.0,5,5,5,0.0
cf-575,0.95,0.0,0.0,5,5,5,1.0
cf-575,0.9,0.0,0.0,5,5,5,1.0
cf-575,0.85,0.0,0.0,5,5,5,1.0
cf-575,0.8,0.0,0.0,5,5,5,1.0
cf-575,0.75,0.0,0.0,5,5,5,1.0
cf-575,0.7,1.0,0.0,5,5,5,0.0
cf-576,0.95,0.0,0.0,7,7,7,1.0
cf-576,0.9,0.0,0.0,7,7,7,1.0
cf-576,0.85,0.0,0.0,7,7,7,1.0
cf-576,0.8,0.0,0.0,7,7,7,1.0
cf-576,0.75,1.0,0.0,7,7,7,0.0
cf-576,0.7,0.0,0.0,7,7,7,1.0
cf-578,0.95,1.0,0.0,5,5,5,0.0
cf-578,0.9,1.0,0.0,5,5,5,0.0
cf-578,0.85,1.0,0.0,5,5,5,0.0
cf-578,0.8,1.0,0.0,5,5,5,0.0
cf-578,0.75,1.0,0.0,5,5,5,0.0
cf-578,0.7,1.0,0.0,5,5,5,0.0
cf-587,0.95,1.0,0.0,5,5,5,0.0
cf-587,0.9,1.0,0.0,5,5,5,0.0
cf-587,0.85,1.0,0.0,5,5,5,0.0
cf-587,0.8,1.0,0.0,5,5,5,0.0
cf-587,0.75,1.0,0.0,5,5,5,0.0
cf-587,0.7,1.0,0.0,5,5,5,0.0
cf-588,0.95,1.0,0.0,5,5,5,0.0
cf-588,0.9,1.0,0.0,5,5,5,0.0
cf-588,0.85,1.0,0.0,5,5,5,0.0
cf-588,0.8,1.0,0.0,5,5,5,0.0
cf-588,0.75,1.0,0.0,5,5,5,0.0
cf-588,0.7,1.0,0.0,5,5,5,0.0
cf-591,0.95,1.0,0.0,5,5,5,0.0
cf-591,0.9,1.0,0.0,5,5,5,0.0
cf-591,0.85,1.0,0.0,5,5,5,0.0
cf-591,0.8,1.0,0.0,5,5,5,0.0
cf-591,0.75,1.0,0.0,5,5,5,0.0
cf-591,0.7,1.0,0.0,5,5,5,0.0
cf-593,0.95,1.0,0.0,5,5,5,0.0
cf-593,0.9,1.0,0.0,5,5,5,0.0
cf-593,0.85,1.0,0.0,5,5,5,0.0
cf-593,0.8,1.0,0.0,5,5,5,0.0
cf-593,0.75,1.0,0.0,5,5,5,0.0
cf-593,0.7,1.0,0.0,5,5,5,0.0
cf-595,0.95,0.0,0.0,5,5,5,1.0
cf-595,0.9,0.0,0.0,5,5,5,1.0
cf-595,0.85,0.0,0.0,5,5,5,1.0
cf-595,0.8,1.0,0.0,5,5,5,0.0
cf-595,0.75,1.0,0.0,5,5,5,0.0
cf-595,0.7,1.0,0.0,5,5,5,0.0
cf-605,0.95,1.0,0.0,8,8,8,0.0
cf-605,0.9,1.0,0.0,8,8,8,0.0
cf-605,0.85,1.0,0.0,8,8,8,0.0
cf-605,0.8,1.0,0.0,8,8,8,0.0
cf-605,0.75,1.0,0.0,8,8,8,0.0
cf-605,0.7,0.0,0.0,8,8,8,1.0
cf-606,0.95,0.0,0.0,5,5,5,1.0
cf-606,0.9,0.0,0.0,5,5,5,1.0
cf-606,0.85,0.0,0.0,5,5,5,1.0
cf-606,0.8,0.0,0.0,5,5,5,1.0
cf-606,0.75,0.0,0.0,5,5,5,1.0
cf-606,0.7,1.0,0.0,5,5,5,0.0
cf-610,0.95,1.0,0.0,11,11,11,0.0
cf-610,0.9,1.0,0.0,11,11,11,0.0
cf-610,0.85,1.0,0.0,11,11,11,0.0
cf-610,0.8,1.0,0.0,11,11,11,0.0
cf-610,0.75,1.0,0.0,11,11,11,0.0
cf-610,0.7,1.0,0.0,11,11,11,0.0
cf-611,0.95,1.0,0.0,5,5,5,0.0
cf-611,0.9,1.0,0.0,5,5,5,0.0
cf-611,0.85,1.0,0.0,5,5,5,0.0
cf-611,0.8,1.0,0.0,5,5,5,0.0
cf-611,0.75,1.0,0.0,5,5,5,0.0
cf-611,0.7,1.0,0.0,5,5,5,0.0
cf-616,0.95,0.0,0.0,5,5,5,1.0
cf-616,0.9,0.0,0.0,5,5,5,1.0
cf-616,0.85,0.0,0.0,5,5,5,1.0
cf-616,0.8,0.0,0.0,5,5,5,1.0
cf-616,0.75,0.0,0.0,5,5,5,1.0
cf-616,0.7,0.0,0.0,5,5,5,1.0
cf-620,0.95,0.0,0.0,9,9,9,1.0
cf-620,0.9,0.0,0.0,9,9,9,1.0
cf-620,0.85,0.0,0.0,9,9,9,1.0
cf-620,0.8,0.0,0.0,9,9,9,1.0
cf-620,0.75,0.0,0.0,9,9,9,1.0
cf-620,0.7,1.0,0.0,9,9,9,0.0
cf-624,0.95,0.0,0.0,15,15,15,1.0
cf-624,0.9,0.0,0.0,15,15,15,1.0
cf-624,0.85,0.0,0.0,15,15,15,1.0
cf-624,0.8,0.0,0.13333333333333333,15,15,15,1.1333333333333333
cf-624,0.75,0.0,0.2,15,15,15,1.2
cf-624,0.7,0.0,0.3333333333333333,15,15,15,1.3333333333333333
cf-630,0.95,1.0,0.0,5,5,5,0.0
cf-630,0.9,1.0,0.0,5,5,5,0.0
cf-630,0.85,1.0,0.0,5,5,5,0.0
cf-630,0.8,1.0,0.0,5,5,5,0.0
cf-630,0.75,1.0,0.0,5,5,5,0.0
cf-630,0.7,1.0,0.0,5,5,5,0.0
cf-633,0.95,0.0,0.0,5,5,5,1.0
cf-633,0.9,0.0,0.0,5,5,5,1.0
cf-633,0.85,0.0,0.0,5,5,5,1.0
cf-633,0.8,1.0,0.0,5,5,5,0.0
cf-633,0.75,0.0,0.0,5,5,5,1.0
cf-633,0.7,1.0,0.0,5,5,5,0.0
cf-639,0.95,1.0,0.0,5,5,5,0.0
cf-639,0.9,1.0,0.0,5,5,5,0.0
cf-639,0.85,1.0,0.0,5,5,5,0.0
cf-639,0.8,1.0,0.0,5,5,5,0.0
cf-639,0.75,1.0,0.0,5,5,5,0.0
cf-639,0.7,1.0,0.0,5,5,5,0.0
cf-643,0.95,1.0,0.0,5,5,5,0.0
cf-643,0.9,1.0,0.0,5,5,5,0.0
cf-643,0.85,1.0,0.0,5,5,5,0.0
cf-643,0.8,1.0,0.0,5,5,5,0.0
cf-643,0.75,1.0,0.0,5,5,5,0.0
cf-643,0.7,1.0,0.0,5,5,5,0.0
cf-650,0.95,0.0,0.0,5,5,5,1.0
cf-650,0.9,0.0,0.0,5,5,5,1.0
cf-650,0.85,0.0,0.0,5,5,5,1.0
cf-650,0.8,0.0,0.0,5,5,5,1.0
cf-650,0.75,0.0,0.0,5,5,5,1.0
cf-650,0.7,1.0,0.0,5,5,5,0.0
cf-651,0.95,1.0,0.0,5,5,5,0.0
cf-651,0.9,1.0,0.0,5,5,5,0.0
cf-651,0.85,1.0,0.0,5,5,5,0.0
cf-651,0.8,1.0,0.0,5,5,5,0.0
cf-651,0.75,1.0,0.0,5,5,5,0.0
cf-651,0.7,1.0,0.0,5,5,5,0.0
cf-656,0.95,0.0,0.0,5,5,5,1.0
cf-656,0.9,0.0,0.0,5,5,5,1.0
cf-656,0.85,0.0,0.0,5,5,5,1.0
cf-656,0.8,1.0,0.0,5,5,5,0.0
cf-656,0.75,1.0,0.0,5,5,5,0.0
cf-656,0.7,1.0,0.0,5,5,5,0.0
cf-659,0.95,1.0,0.0,5,5,5,0.0
cf-659,0.9,1.0,0.0,5,5,5,0.0
cf-659,0.85,1.0,0.0,5,5,5,0.0
cf-659,0.8,1.0,0.0,5,5,5,0.0
cf-659,0.75,0.0,0.0,5,5,5,1.0
cf-659,0.7,0.0,0.0,5,5,5,1.0
cf-661,0.95,0.0,0.0,10,10,10,1.0
cf-661,0.9,0.0,0.0,10,10,10,1.0
cf-661,0.85,0.0,0.0,10,10,10,1.0
cf-661,0.8,0.0,0.0,10,10,10,1.0
cf-661,0.75,0.0,0.0,10,10,10,1.0
cf-661,0.7,1.0,0.0,10,10,10,0.0
cf-663,0.95,0.0,0.0,5,5,5,1.0
cf-663,0.9,0.0,0.0,5,5,5,1.0
cf-663,0.85,0.0,0.0,5,5,5,1.0
cf-663,0.8,0.0,0.0,5,5,5,1.0
cf-663,0.75,1.0,0.0,5,5,5,0.0
cf-663,0.7,1.0,0.0,5,5,5,0.0
cf-67,0.95,1.0,0.0,5,5,5,0.0
cf-67,0.9,1.0,0.0,5,5,5,0.0
cf-67,0.85,1.0,0.0,5,5,5,0.0
cf-67,0.8,1.0,0.0,5,5,5,0.0
cf-67,0.75,1.0,0.0,5,5,5,0.0
cf-67,0.7,1.0,0.0,5,5,5,0.0
cf-676,0.95,1.0,0.0,5,5,5,0.0
cf-676,0.9,1.0,0.0,5,5,5,0.0
cf-676,0.85,1.0,0.0,5,5,5,0.0
cf-676,0.8,1.0,0.0,5,5,5,0.0
cf-676,0.75,1.0,0.0,5,5,5,0.0
cf-676,0.7,1.0,0.0,5,5,5,0.0
cf-680,0.95,1.0,0.0,5,5,5,0.0
cf-680,0.9,1.0,0.0,5,5,5,0.0
cf-680,0.85,1.0,0.0,5,5,5,0.0
cf-680,0.8,1.0,0.0,5,5,5,0.0
cf-680,0.75,1.0,0.0,5,5,5,0.0
cf-680,0.7,0.0,0.0,5,5,5,1.0
cf-684,0.95,0.0,0.0,5,5,5,1.0
cf-684,0.9,0.0,0.0,5,5,5,1.0
cf-684,0.85,0.0,0.0,5,5,5,1.0
cf-684,0.8,0.0,0.0,5,5,5,1.0
cf-684,0.75,1.0,0.0,5,5,5,0.0
cf-684,0.7,1.0,0.0,5,5,5,0.0
cf-686,0.95,0.0,0.0,5,5,5,1.0
cf-686,0.9,0.0,0.0,5,5,5,1.0
cf-686,0.85,0.0,0.0,5,5,5,1.0
cf-686,0.8,1.0,0.0,5,5,5,0.0
cf-686,0.75,0.0,0.0,5,5,5,1.0
cf-686,0.7,0.0,0.0,5,5,5,1.0
cf-691,0.95,0.0,0.0,5,5,5,1.0
cf-691,0.9,0.0,0.0,5,5,5,1.0
cf-691,0.85,0.0,0.0,5,5,5,1.0
cf-691,0.8,0.0,0.0,5,5,5,1.0
cf-691,0.75,1.0,0.0,5,5,5,0.0
cf-691,0.7,1.0,0.0,5,5,5,0.0
cf-7,0.95,0.0,0.0,14,14,14,1.0
cf-7,0.9,0.0,0.0,14,14,14,1.0
cf-7,0.85,0.0,0.0,14,14,14,1.0
cf-7,0.8,0.0,0.0,14,14,14,1.0
cf-7,0.75,0.0,0.0,14,14,14,1.0
cf-7,0.7,0.0,0.0,14,14,14,1.0
cf-700,0.95,0.0,0.0,5,5,5,1.0
cf-700,0.9,0.0,0.0,5,5,5,1.0
cf-700,0.85,1.0,0.0,5,5,5,0.0
cf-700,0.8,0.0,0.0,5,5,5,1.0
cf-700,0.75,1.0,0.0,5,5,5,0.0
cf-700,0.7,1.0,0.0,5,5,5,0.0
cf-703,0.95,0.0,0.0,5,5,5,1.0
cf-703,0.9,0.0,0.0,5,5,5,1.0
cf-703,0.85,0.0,0.0,5,5,5,1.0
cf-703,0.8,0.0,0.0,5,5,5,1.0
cf-703,0.75,0.0,0.0,5,5,5,1.0
cf-703,0.7,1.0,0.0,5,5,5,0.0
cf-705,0.95,1.0,0.0,5,5,5,0.0
cf-705,0.9,1.0,0.0,5,5,5,0.0
cf-705,0.85,1.0,0.0,5,5,5,0.0
cf-705,0.8,1.0,0.0,5,5,5,0.0
cf-705,0.75,0.0,0.0,5,5,5,1.0
cf-705,0.7,1.0,0.0,5,5,5,0.0
cf-707,0.95,1.0,0.0,5,5,5,0.0
cf-707,0.9,1.0,0.0,5,5,5,0.0
cf-707,0.85,1.0,0.0,5,5,5,0.0
cf-707,0.8,1.0,0.0,5,5,5,0.0
cf-707,0.75,1.0,0.0,5,5,5,0.0
cf-707,0.7,1.0,0.0,5,5,5,0.0
cf-709,0.95,0.0,0.0,20,20,20,1.0
cf-709,0.9,0.0,0.0,20,20,20,1.0
cf-709,0.85,0.0,0.0,20,20,20,1.0
cf-709,0.8,0.0,0.0,20,20,20,1.0
cf-709,0.75,0.0,0.0,20,20,20,1.0
cf-709,0.7,1.0,0.0,20,20,20,0.0
cf-710,0.95,1.0,0.0,5,5,5,0.0
cf-710,0.9,1.0,0.0,5,5,5,0.0
cf-710,0.85,1.0,0.0,5,5,5,0.0
cf-710,0.8,1.0,0.0,5,5,5,0.0
cf-710,0.75,1.0,0.0,5,5,5,0.0
cf-710,0.7,1.0,0.0,5,5,5,0.0
cf-713,0.95,0.0,0.0,11,11,11,1.0
cf-713,0.9,0.0,0.0,11,11,11,1.0
cf-713,0.85,0.0,0.0,11,11,11,1.0
cf-713,0.8,0.0,0.0,11,11,11,1.0
cf-713,0.75,0.0,0.0,11,11,11,1.0
cf-713,0.7,0.0,0.0,11,11,11,1.0
cf-715,0.95,0.0,0.0,9,9,9,1.0
cf-715,0.9,0.0,0.0,9,9,9,1.0
cf-715,0.85,0.0,0.0,9,9,9,1.0
cf-715,0.8,1.0,0.0,9,9,9,0.0
cf-715,0.75,0.0,0.0,9,9,9,1.0
cf-715,0.7,0.0,0.0,9,9,9,1.0
cf-718,0.95,1.0,0.0,5,5,5,0.0
cf-718,0.9,1.0,0.0,5,5,5,0.0
cf-718,0.85,1.0,0.0,5,5,5,0.0
cf-718,0.8,1.0,0.0,5,5,5,0.0
cf-718,0.75,1.0,0.0,5,5,5,0.0
cf-718,0.7,1.0,0.0,5,5,5,0.0
cf-721,0.95,1.0,0.0,5,5,5,0.0
cf-721,0.9,1.0,0.0,5,5,5,0.0
cf-721,0.85,1.0,0.0,5,5,5,0.0
cf-721,0.8,1.0,0.0,5,5,5,0.0
cf-721,0.75,1.0,0.0,5,5,5,0.0
cf-721,0.7,1.0,0.0,5,5,5,0.0
cf-722,0.95,0.0,0.0,5,5,5,1.0
cf-722,0.9,0.0,0.0,5,5,5,1.0
cf-722,0.85,0.0,0.0,5,5,5,1.0
cf-722,0.8,1.0,0.0,5,5,5,0.0
cf-722,0.75,1.0,0.0,5,5,5,0.0
cf-722,0.7,1.0,0.0,5,5,5,0.0
cf-723,0.95,0.0,0.0,19,19,19,1.0
cf-723,0.9,0.0,0.0,19,19,19,1.0
cf-723,0.85,0.0,0.0,19,19,19,1.0
cf-723,0.8,0.0,0.0,19,19,19,1.0
cf-723,0.75,1.0,0.0,19,19,19,0.0
cf-723,0.7,0.0,0.05263157894736842,19,19,19,1.0526315789473684
cf-724,0.95,1.0,0.0,5,5,5,0.0
cf-724,0.9,1.0,0.0,5,5,5,0.0
cf-724,0.85,1.0,0.0,5,5,5,0.0
cf-724,0.8,1.0,0.0,5,5,5,0.0
cf-724,0.75,1.0,0.0,5,5,5,0.0
cf-724,0.7,1.0,0.0,5,5,5,0.0
cf-726,0.95,0.0,0.0,5,5,5,1.0
cf-726,0.9,0.0,0.0,5,5,5,1.0
cf-726,0.85,0.0,0.0,5,5,5,1.0
cf-726,0.8,0.0,0.0,5,5,5,1.0
cf-726,0.75,0.0,0.0,5,5,5,1.0
cf-726,0.7,0.0,0.0,5,5,5,1.0
cf-729,0.95,0.0,0.0,5,5,5,1.0
cf-729,0.9,0.0,0.0,5,5,5,1.0
cf-729,0.85,0.0,0.0,5,5,5,1.0
cf-729,0.8,1.0,0.0,5,5,5,0.0
cf-729,0.75,1.0,0.0,5,5,5,0.0
cf-729,0.7,1.0,0.0,5,5,5,0.0
cf-731,0.95,1.0,0.0,20,20,20,0.0
cf-731,0.9,1.0,0.0,20,20,20,0.0
cf-731,0.85,1.0,0.0,20,20,20,0.0
cf-731,0.8,1.0,0.0,20,20,20,0.0
cf-731,0.75,1.0,0.0,20,20,20,0.0
cf-731,0.7,1.0,0.0,20,20,20,0.0
cf-734,0.95,0.0,0.0,5,5,5,1.0
cf-734,0.9,0.0,0.0,5,5,5,1.0
cf-734,0.85,0.0,0.0,5,5,5,1.0
cf-734,0.8,0.0,0.0,5,5,5,1.0
cf-734,0.75,0.0,0.0,5,5,5,1.0
cf-734,0.7,1.0,0.0,5,5,5,0.0
cf-735,0.95,0.0,0.0,16,16,16,1.0
cf-735,0.9,0.0,0.0,16,16,16,1.0
cf-735,0.85,0.0,0.0,16,16,16,1.0
cf-735,0.8,0.0,0.0,16,16,16,1.0
cf-735,0.75,0.0,0.0,16,16,16,1.0
cf-735,0.7,1.0,0.0,16,16,16,0.0
cf-739,0.95,1.0,0.0,5,5,5,0.0
cf-739,0.9,1.0,0.0,5,5,5,0.0
cf-739,0.85,1.0,0.0,5,5,5,0.0
cf-739,0.8,1.0,0.0,5,5,5,0.0
cf-739,0.75,1.0,0.0,5,5,5,0.0
cf-739,0.7,1.0,0.0,5,5,5,0.0
cf-740,0.95,1.0,0.0,11,11,11,0.0
cf-740,0.9,1.0,0.0,11,11,11,0.0
cf-740,0.85,1.0,0.0,11,11,11,0.0
cf-740,0.8,1.0,0.0,11,11,11,0.0
cf-740,0.75,1.0,0.0,11,11,11,0.0
cf-740,0.7,1.0,0.0,11,11,11,0.0
cf-742,0.95,1.0,0.0,5,5,5,0.0
cf-742,0.9,1.0,0.0,5,5,5,0.0
cf-742,0.85,1.0,0.0,5,5,5,0.0
cf-742,0.8,1.0,0.0,5,5,5,0.0
cf-742,0.75,1.0,0.0,5,5,5,0.0
cf-742,0.7,1.0,0.0,5,5,5,0.0
cf-750,0.95,0.0,0.0,5,5,5,1.0
cf-750,0.9,0.0,0.0,5,5,5,1.0
cf-750,0.85,0.0,0.0,5,5,5,1.0
cf-750,0.8,0.0,0.0,5,5,5,1.0
cf-750,0.75,1.0,0.0,5,5,5,0.0
cf-750,0.7,1.0,0.0,5,5,5,0.0
cf-755,0.95,1.0,0.0,5,5,5,0.0
cf-755,0.9,1.0,0.0,5,5,5,0.0
cf-755,0.85,1.0,0.0,5,5,5,0.0
cf-755,0.8,1.0,0.0,5,5,5,0.0
cf-755,0.75,1.0,0.0,5,5,5,0.0
cf-755,0.7,1.0,0.0,5,5,5,0.0
cf-756,0.95,0.0,0.0,5,5,5,1.0
cf-756,0.9,0.0,0.0,5,5,5,1.0
cf-756,0.85,0.0,0.0,5,5,5,1.0
cf-756,0.8,0.0,0.0,5,5,5,1.0
cf-756,0.75,1.0,0.0,5,5,5,0.0
cf-756,0.7,0.0,0.0,5,5,5,1.0
cf-757,0.95,1.0,0.0,5,5,5,0.0
cf-757,0.9,1.0,0.0,5,5,5,0.0
cf-757,0.85,1.0,0.0,5,5,5,0.0
cf-757,0.8,1.0,0.0,5,5,5,0.0
cf-757,0.75,1.0,0.0,5,5,5,0.0
cf-757,0.7,1.0,0.0,5,5,5,0.0
cf-758,0.95,1.0,0.0,5,5,5,0.0
cf-758,0.9,1.0,0.0,5,5,5,0.0
cf-758,0.85,1.0,0.0,5,5,5,0.0
cf-758,0.8,1.0,0.0,5,5,5,0.0
cf-758,0.75,1.0,0.0,5,5,5,0.0
cf-758,0.7,1.0,0.0,5,5,5,0.0
cf-766,0.95,1.0,0.0,5,5,5,0.0
cf-766,0.9,1.0,0.0,5,5,5,0.0
cf-766,0.85,1.0,0.0,5,5,5,0.0
cf-766,0.8,1.0,0.0,5,5,5,0.0
cf-766,0.75,1.0,0.0,5,5,5,0.0
cf-766,0.7,1.0,0.0,5,5,5,0.0
cf-767,0.95,0.0,0.0,14,14,14,1.0
cf-767,0.9,0.0,0.0,14,14,14,1.0
cf-767,0.85,0.0,0.0,14,14,14,1.0
cf-767,0.8,0.0,0.0,14,14,14,1.0
cf-767,0.75,0.0,0.0,14,14,14,1.0
cf-767,0.7,0.0,0.0,14,14,14,1.0
cf-77,0.95,1.0,0.0,5,5,5,0.0
cf-77,0.9,1.0,0.0,5,5,5,0.0
cf-77,0.85,1.0,0.0,5,5,5,0.0
cf-77,0.8,1.0,0.0,5,5,5,0.0
cf-77,0.75,1.0,0.0,5,5,5,0.0
cf-77,0.7,1.0,0.0,5,5,5,0.0
cf-771,0.95,0.0,0.0,5,5,5,1.0
cf-771,0.9,0.0,0.0,5,5,5,1.0
cf-771,0.85,0.0,0.0,5,5,5,1.0
cf-771,0.8,0.0,0.0,5,5,5,1.0
cf-771,0.75,0.0,0.0,5,5,5,1.0
cf-771,0.7,1.0,0.2,5,5,5,0.2
cf-778,0.95,0.0,0.0,5,5,5,1.0
cf-778,0.9,0.0,0.0,5,5,5,1.0
cf-778,0.85,0.0,0.0,5,5,5,1.0
cf-778,0.8,0.0,0.0,5,5,5,1.0
cf-778,0.75,0.0,0.0,5,5,5,1.0
cf-778,0.7,1.0,0.0,5,5,5,0.0
cf-782,0.95,0.0,0.0,20,20,20,1.0
cf-782,0.9,0.0,0.0,20,20,20,1.0
cf-782,0.85,0.0,0.0,20,20,20,1.0
cf-782,0.8,0.0,0.0,20,20,20,1.0
cf-782,0.75,0.0,0.0,20,20,20,1.0
cf-782,0.7,0.0,0.05,20,20,20,1.05
cf-784,0.95,0.0,0.0,5,5,5,1.0
cf-784,0.9,0.0,0.0,5,5,5,1.0
cf-784,0.85,0.0,0.0,5,5,5,1.0
cf-784,0.8,0.0,0.0,5,5,5,1.0
cf-784,0.75,0.0,0.0,5,5,5,1.0
cf-784,0.7,0.0,0.0,5,5,5,1.0
cf-785,0.95,1.0,0.0,5,5,5,0.0
cf-785,0.9,1.0,0.0,5,5,5,0.0
cf-785,0.85,1.0,0.0,5,5,5,0.0
cf-785,0.8,1.0,0.0,5,5,5,0.0
cf-785,0.75,1.0,0.0,5,5,5,0.0
cf-785,0.7,1.0,0.0,5,5,5,0.0
cf-787,0.95,0.0,0.0,5,5,5,1.0
cf-787,0.9,0.0,0.0,5,5,5,1.0
cf-787,0.85,1.0,0.0,5,5,5,0.0
cf-787,0.8,0.0,0.0,5,5,5,1.0
cf-787,0.75,1.0,0.0,5,5,5,0.0
cf-787,0.7,1.0,0.0,5,5,5,0.0
cf-789,0.95,0.0,0.0,5,5,5,1.0
cf-789,0.9,0.0,0.0,5,5,5,1.0
cf-789,0.85,0.0,0.0,5,5,5,1.0
cf-789,0.8,0.0,0.0,5,5,5,1.0
cf-789,0.75,0.0,0.0,5,5,5,1.0
cf-789,0.7,0.0,0.0,5,5,5,1.0
cf-793,0.95,0.0,0.0,5,5,5,1.0
cf-793,0.9,0.0,0.0,5,5,5,1.0
cf-793,0.85,0.0,0.0,5,5,5,1.0
cf-793,0.8,0.0,0.0,5,5,5,1.0
cf-793,0.75,1.0,0.0,5,5,5,0.0
cf-793,0.7,1.0,0.0,5,5,5,0.0
cf-794,0.95,1.0,0.0,11,11,11,0.0
cf-794,0.9,1.0,0.0,11,11,11,0.0
cf-794,0.85,1.0,0.0,11,11,11,0.0
cf-794,0.8,1.0,0.0,11,11,11,0.0
cf-794,0.75,1.0,0.0,11,11,11,0.0
cf-794,0.7,0.0,0.0,11,11,11,1.0
cf-799,0.95,1.0,0.0,5,5,5,0.0
cf-799,0.9,1.0,0.0,5,5,5,0.0
cf-799,0.85,1.0,0.0,5,5,5,0.0
cf-799,0.8,1.0,0.0,5,5,5,0.0
cf-799,0.75,1.0,0.0,5,5,5,0.0
cf-799,0.7,0.0,0.0,5,5,5,1.0
cf-801,0.95,0.0,0.0,5,5,5,1.0
cf-801,0.9,0.0,0.0,5,5,5,1.0
cf-801,0.85,0.0,0.0,5,5,5,1.0
cf-801,0.8,0.0,0.0,5,5,5,1.0
cf-801,0.75,0.0,0.0,5,5,5,1.0
cf-801,0.7,1.0,0.0,5,5,5,0.0
cf-805,0.95,0.0,0.0,5,5,5,1.0
cf-805,0.9,0.0,0.0,5,5,5,1.0
cf-805,0.85,0.0,0.0,5,5,5,1.0
cf-805,0.8,0.0,0.0,5,5,5,1.0
cf-805,0.75,0.0,0.0,5,5,5,1.0
cf-805,0.7,1.0,0.0,5,5,5,0.0
cf-807,0.95,0.0,0.0,5,5,5,1.0
cf-807,0.9,1.0,0.0,5,5,5,0.0
cf-807,0.85,1.0,0.0,5,5,5,0.0
cf-807,0.8,1.0,0.0,5,5,5,0.0
cf-807,0.75,1.0,0.0,5,5,5,0.0
cf-807,0.7,1.0,0.0,5,5,5,0.0
cf-81,0.95,1.0,0.0,5,5,5,0.0
cf-81,0.9,1.0,0.0,5,5,5,0.0
cf-81,0.85,1.0,0.0,5,5,5,0.0
cf-81,0.8,1.0,0.0,5,5,5,0.0
cf-81,0.75,1.0,0.0,5,5,5,0.0
cf-81,0.7,1.0,0.0,5,5,5,0.0
cf-816,0.95,0.0,0.0,5,5,5,1.0
cf-816,0.9,0.0,0.0,5,5,5,1.0
cf-816,0.85,0.0,0.0,5,5,5,1.0
cf-816,0.8,1.0,0.0,5,5,5,0.0
cf-816,0.75,1.0,0.0,5,5,5,0.0
cf-816,0.7,1.0,0.0,5,5,5,0.0
cf-82,0.95,0.0,0.0,5,5,5,1.0
cf-82,0.9,0.0,0.0,5,5,5,1.0
cf-82,0.85,0.0,0.0,5,5,5,1.0
cf-82,0.8,0.0,0.0,5,5,5,1.0
cf-82,0.75,0.0,0.0,5,5,5,1.0
cf-82,0.7,1.0,0.0,5,5,5,0.0
cf-822,0.95,0.0,0.0,5,5,5,1.0
cf-822,0.9,0.0,0.0,5,5,5,1.0
cf-822,0.85,1.0,0.0,5,5,5,0.0
cf-822,0.8,0.0,0.0,5,5,5,1.0
cf-822,0.75,0.0,0.0,5,5,5,1.0
cf-822,0.7,1.0,0.0,5,5,5,0.0
cf-823,0.95,1.0,0.0,5,5,5,0.0
cf-823,0.9,1.0,0.0,5,5,5,0.0
cf-823,0.85,1.0,0.0,5,5,5,0.0
cf-823,0.8,1.0,0.0,5,5,5,0.0
cf-823,0.75,1.0,0.0,5,5,5,0.0
cf-823,0.7,1.0,0.0,5,5,5,0.0
cf-824,0.95,1.0,0.0,5,5,5,0.0
cf-824,0.9,1.0,0.0,5,5,5,0.0
cf-824,0.85,1.0,0.0,5,5,5,0.0
cf-824,0.8,1.0,0.0,5,5,5,0.0
cf-824,0.75,1.0,0.0,5,5,5,0.0
cf-824,0.7,1.0,0.0,5,5,5,0.0
cf-825,0.95,1.0,0.0,5,5,5,0.0
cf-825,0.9,1.0,0.0,5,5,5,0.0
cf-825,0.85,1.0,0.0,5,5,5,0.0
cf-825,0.8,1.0,0.0,5,5,5,0.0
cf-825,0.75,1.0,0.0,5,5,5,0.0
cf-825,0.7,1.0,0.0,5,5,5,0.0
cf-832,0.95,1.0,0.0,5,5,5,0.0
cf-832,0.9,1.0,0.0,5,5,5,0.0
cf-832,0.85,1.0,0.0,5,5,5,0.0
cf-832,0.8,1.0,0.0,5,5,5,0.0
cf-832,0.75,1.0,0.0,5,5,5,0.0
cf-832,0.7,1.0,0.0,5,5,5,0.0
cf-840,0.95,1.0,0.0,5,5,5,0.0
cf-840,0.9,1.0,0.0,5,5,5,0.0
cf-840,0.85,1.0,0.0,5,5,5,0.0
cf-840,0.8,1.0,0.0,5,5,5,0.0
cf-840,0.75,1.0,0.0,5,5,5,0.0
cf-840,0.7,1.0,0.0,5,5,5,0.0
cf-842,0.95,0.0,0.0,5,5,5,1.0
cf-842,0.9,1.0,0.0,5,5,5,0.0
cf-842,0.85,1.0,0.0,5,5,5,0.0
cf-842,0.8,1.0,0.0,5,5,5,0.0
cf-842,0.75,1.0,0.0,5,5,5,0.0
cf-842,0.7,1.0,0.0,5,5,5,0.0
cf-846,0.95,1.0,0.0,5,5,5,0.0
cf-846,0.9,1.0,0.0,5,5,5,0.0
cf-846,0.85,1.0,0.0,5,5,5,0.0
cf-846,0.8,1.0,0.0,5,5,5,0.0
cf-846,0.75,1.0,0.0,5,5,5,0.0
cf-846,0.7,1.0,0.0,5,5,5,0.0
cf-847,0.95,0.0,0.0,5,5,5,1.0
cf-847,0.9,0.0,0.0,5,5,5,1.0
cf-847,0.85,0.0,0.0,5,5,5,1.0
cf-847,0.8,0.0,0.0,5,5,5,1.0
cf-847,0.75,0.0,0.0,5,5,5,1.0
cf-847,0.7,1.0,0.0,5,5,5,0.0
cf-850,0.95,1.0,0.0,5,5,5,0.0
cf-850,0.9,1.0,0.0,5,5,5,0.0
cf-850,0.85,1.0,0.0,5,5,5,0.0
cf-850,0.8,1.0,0.0,5,5,5,0.0
cf-850,0.75,1.0,0.0,5,5,5,0.0
cf-850,0.7,1.0,0.0,5,5,5,0.0
cf-853,0.95,0.0,0.0,5,5,5,1.0
cf-853,0.9,0.0,0.0,5,5,5,1.0
cf-853,0.85,0.0,0.0,5,5,5,1.0
cf-853,0.8,1.0,0.0,5,5,5,0.0
cf-853,0.75,1.0,0.0,5,5,5,0.0
cf-853,0.7,0.0,0.0,5,5,5,1.0
cf-854,0.95,1.0,0.0,5,5,5,0.0
cf-854,0.9,1.0,0.0,5,5,5,0.0
cf-854,0.85,1.0,0.0,5,5,5,0.0
cf-854,0.8,1.0,0.0,5,5,5,0.0
cf-854,0.75,1.0,0.0,5,5,5,0.0
cf-854,0.7,1.0,0.0,5,5,5,0.0
cf-868,0.95,0.0,0.0,5,5,5,1.0
cf-868,0.9,0.0,0.0,5,5,5,1.0
cf-868,0.85,0.0,0.0,5,5,5,1.0
cf-868,0.8,0.0,0.0,5,5,5,1.0
cf-868,0.75,0.0,0.0,5,5,5,1.0
cf-868,0.7,1.0,0.0,5,5,5,0.0
cf-871,0.95,1.0,0.0,5,5,5,0.0
cf-871,0.9,1.0,0.0,5,5,5,0.0
cf-871,0.85,1.0,0.0,5,5,5,0.0
cf-871,0.8,0.0,0.0,5,5,5,1.0
cf-871,0.75,1.0,0.0,5,5,5,0.0
cf-871,0.7,0.0,0.0,5,5,5,1.0
cf-875,0.95,0.0,0.0,5,5,5,1.0
cf-875,0.9,0.0,0.0,5,5,5,1.0
cf-875,0.85,0.0,0.0,5,5,5,1.0
cf-875,0.8,0.0,0.0,5,5,5,1.0
cf-875,0.75,0.0,0.0,5,5,5,1.0
cf-875,0.7,1.0,0.0,5,5,5,0.0
cf-876,0.95,0.0,0.0,5,5,5,1.0
cf-876,0.9,0.0,0.0,5,5,5,1.0
cf-876,0.85,0.0,0.0,5,5,5,1.0
cf-876,0.8,0.0,0.0,5,5,5,1.0
cf-876,0.75,0.0,0.0,5,5,5,1.0
cf-876,0.7,1.0,0.0,5,5,5,0.0
cf-878,0.95,0.0,0.0,5,5,5,1.0
cf-878,0.9,0.0,0.0,5,5,5,1.0
cf-878,0.85,0.0,0.0,5,5,5,1.0
cf-878,0.8,0.0,0.0,5,5,5,1.0
cf-878,0.75,0.0,0.0,5,5,5,1.0
cf-878,0.7,1.0,0.0,5,5,5,0.0
cf-882,0.95,0.0,0.0,5,5,5,1.0
cf-882,0.9,0.0,0.0,5,5,5,1.0
cf-882,0.85,0.0,0.0,5,5,5,1.0
cf-882,0.8,1.0,0.0,5,5,5,0.0
cf-882,0.75,0.0,0.0,5,5,5,1.0
cf-882,0.7,1.0,0.0,5,5,5,0.0
cf-883,0.95,1.0,0.0,6,6,6,0.0
cf-883,0.9,1.0,0.0,6,6,6,0.0
cf-883,0.85,1.0,0.0,6,6,6,0.0
cf-883,0.8,1.0,0.0,6,6,6,0.0
cf-883,0.75,1.0,0.0,6,6,6,0.0
cf-883,0.7,1.0,0.0,6,6,6,0.0
cf-913,0.95,1.0,0.0,5,5,5,0.0
cf-913,0.9,1.0,0.0,5,5,5,0.0
cf-913,0.85,1.0,0.0,5,5,5,0.0
cf-913,0.8,1.0,0.0,5,5,5,0.0
cf-913,0.75,1.0,0.0,5,5,5,0.0
cf-913,0.7,1.0,0.0,5,5,5,0.0
cf-916,0.95,1.0,0.0,5,5,5,0.0
cf-916,0.9,1.0,0.0,5,5,5,0.0
cf-916,0.85,1.0,0.0,5,5,5,0.0
cf-916,0.8,1.0,0.0,5,5,5,0.0
cf-916,0.75,1.0,0.0,5,5,5,0.0
cf-916,0.7,1.0,0.0,5,5,5,0.0
cf-917,0.95,1.0,0.0,5,5,5,0.0
cf-917,0.9,1.0,0.0,5,5,5,0.0
cf-917,0.85,1.0,0.0,5,5,5,0.0
cf-917,0.8,1.0,0.0,5,5,5,0.0
cf-917,0.75,1.0,0.0,5,5,5,0.0
cf-917,0.7,1.0,0.0,5,5,5,0.0
cf-919,0.95,1.0,0.0,5,5,5,0.0
cf-919,0.9,1.0,0.0,5,5,5,0.0
cf-919,0.85,1.0,0.0,5,5,5,0.0
cf-919,0.8,1.0,0.0,5,5,5,0.0
cf-919,0.75,1.0,0.0,5,5,5,0.0
cf-919,0.7,1.0,0.0,5,5,5,0.0
cf-920,0.95,0.0,0.0,14,14,14,1.0
cf-920,0.9,0.0,0.0,14,14,14,1.0
cf-920,0.85,0.0,0.0,14,14,14,1.0
cf-920,0.8,0.0,0.0,14,14,14,1.0
cf-920,0.75,0.0,0.0,14,14,14,1.0
cf-920,0.7,0.0,0.0,14,14,14,1.0
cf-922,0.95,1.0,0.0,5,5,5,0.0
cf-922,0.9,1.0,0.0,5,5,5,0.0
cf-922,0.85,1.0,0.0,5,5,5,0.0
cf-922,0.8,1.0,0.0,5,5,5,0.0
cf-922,0.75,1.0,0.0,5,5,5,0.0
cf-922,0.7,1.0,0.0,5,5,5,0.0
cf-923,0.95,1.0,0.0,5,5,5,0.0
cf-923,0.9,1.0,0.0,5,5,5,0.0
cf-923,0.85,1.0,0.0,5,5,5,0.0
cf-923,0.8,1.0,0.0,5,5,5,0.0
cf-923,0.75,1.0,0.0,5,5,5,0.0
cf-923,0.7,1.0,0.0,5,5,5,0.0
cf-926,0.95,0.0,0.0,9,9,9,1.0
cf-926,0.9,0.0,0.0,9,9,9,1.0
cf-926,0.85,0.0,0.0,9,9,9,1.0
cf-926,0.8,0.0,0.0,9,9,9,1.0
cf-926,0.75,1.0,0.0,9,9,9,0.0
cf-926,0.7,1.0,0.0,9,9,9,0.0
cf-928,0.95,1.0,0.0,5,5,5,0.0
cf-928,0.9,1.0,0.0,5,5,5,0.0
cf-928,0.85,1.0,0.0,5,5,5,0.0
cf-928,0.8,1.0,0.0,5,5,5,0.0
cf-928,0.75,1.0,0.0,5,5,5,0.0
cf-928,0.7,1.0,0.0,5,5,5,0.0
cf-930,0.95,1.0,0.0,5,5,5,0.0
cf-930,0.9,1.0,0.0,5,5,5,0.0
cf-930,0.85,1.0,0.0,5,5,5,0.0
cf-930,0.8,1.0,0.0,5,5,5,0.0
cf-930,0.75,1.0,0.0,5,5,5,0.0
cf-930,0.7,1.0,0.0,5,5,5,0.0
cf-931,0.95,0.0,0.0,5,5,5,1.0
cf-931,0.9,0.0,0.0,5,5,5,1.0
cf-931,0.85,0.0,0.0,5,5,5,1.0
cf-931,0.8,1.0,0.0,5,5,5,0.0
cf-931,0.75,0.0,0.0,5,5,5,1.0
cf-931,0.7,0.0,0.0,5,5,5,1.0
cf-934,0.95,0.0,0.0,9,9,9,1.0
cf-934,0.9,0.0,0.0,9,9,9,1.0
cf-934,0.85,0.0,0.0,9,9,9,1.0
cf-934,0.8,0.0,0.0,9,9,9,1.0
cf-934,0.75,0.0,0.0,9,9,9,1.0
cf-934,0.7,1.0,0.0,9,9,9,0.0
cf-937,0.95,0.0,0.0,12,12,12,1.0
cf-937,0.9,0.0,0.0,12,12,12,1.0
cf-937,0.85,0.0,0.0,12,12,12,1.0
cf-937,0.8,0.0,0.0,12,12,12,1.0
cf-937,0.75,0.0,0.0,12,12,12,1.0
cf-937,0.7,0.0,0.0,12,12,12,1.0
cf-945,0.95,1.0,0.0,5,5,5,0.0
cf-945,0.9,1.0,0.0,5,5,5,0.0
cf-945,0.85,1.0,0.0,5,5,5,0.0
cf-945,0.8,1.0,0.0,5,5,5,0.0
cf-945,0.75,1.0,0.0,5,5,5,0.0
cf-945,0.7,1.0,0.0,5,5,5,0.0
cf-947,0.95,0.0,0.0,13,13,13,1.0
cf-947,0.9,0.0,0.0,13,13,13,1.0
cf-947,0.85,0.0,0.0,13,13,13,1.0
cf-947,0.8,1.0,0.0,13,13,13,0.0
cf-947,0.75,1.0,0.0,13,13,13,0.0
cf-947,0.7,1.0,0.0,13,13,13,0.0
cf-95,0.95,1.0,0.0,5,5,5,0.0
cf-95,0.9,1.0,0.0,5,5,5,0.0
cf-95,0.85,1.0,0.0,5,5,5,0.0
cf-95,0.8,1.0,0.0,5,5,5,0.0
cf-95,0.75,1.0,0.0,5,5,5,0.0
cf-95,0.7,1.0,0.0,5,5,5,0.0
cf-953,0.95,1.0,0.0,5,5,5,0.0
cf-953,0.9,1.0,0.0,5,5,5,0.0
cf-953,0.85,1.0,0.0,5,5,5,0.0
cf-953,0.8,1.0,0.0,5,5,5,0.0
cf-953,0.75,1.0,0.0,5,5,5,0.0
cf-953,0.7,1.0,0.0,5,5,5,0.0
cf-954,0.95,1.0,0.07692307692307693,13,13,13,0.07692307692307693
cf-954,0.9,1.0,0.07692307692307693,13,13,13,0.07692307692307693
cf-954,0.85,1.0,0.07692307692307693,13,13,13,0.07692307692307693
cf-954,0.8,1.0,0.07692307692307693,13,13,13,0.07692307692307693
cf-954,0.75,1.0,0.07692307692307693,13,13,13,0.07692307692307693
cf-954,0.7,1.0,0.07692307692307693,13,13,13,0.07692307692307693
cf-957,0.95,0.0,0.0,5,5,5,1.0
cf-957,0.9,0.0,0.0,5,5,5,1.0
cf-957,0.85,0.0,0.0,5,5,5,1.0
cf-957,0.8,0.0,0.0,5,5,5,1.0
cf-957,0.75,1.0,0.0,5,5,5,0.0
cf-957,0.7,1.0,0.0,5,5,5,0.0
cf-964,0.95,0.0,0.0,5,5,5,1.0
cf-964,0.9,0.0,0.0,5,5,5,1.0
cf-964,0.85,0.0,0.0,5,5,5,1.0
cf-964,0.8,0.0,0.0,5,5,5,1.0
cf-964,0.75,0.0,0.0,5,5,5,1.0
cf-964,0.7,1.0,0.0,5,5,5,0.0
cf-971,0.95,0.0,0.0,8,8,8,1.0
cf-971,0.9,0.0,0.0,8,8,8,1.0
cf-971,0.85,0.0,0.0,8,8,8,1.0
cf-971,0.8,0.0,0.0,8,8,8,1.0
cf-971,0.75,0.0,0.0,8,8,8,1.0
cf-971,0.7,1.0,0.0,8,8,8,0.0
cf-977,0.95,1.0,0.0,6,6,6,0.0
cf-977,0.9,1.0,0.0,6,6,6,0.0
cf-977,0.85,1.0,0.0,6,6,6,0.0
cf-977,0.8,1.0,0.0,6,6,6,0.0
cf-977,0.75,1.0,0.0,6,6,6,0.0
cf-977,0.7,0.0,0.0,6,6,6,1.0
cf-982,0.95,0.0,0.0,10,10,10,1.0
cf-982,0.9,0.0,0.0,10,10,10,1.0
cf-982,0.85,0.0,0.0,10,10,10,1.0
cf-982,0.8,0.0,0.0,10,10,10,1.0
cf-982,0.75,0.0,0.0,10,10,10,1.0
cf-982,0.7,1.0,0.0,10,10,10,0.0
cf-984,0.95,0.0,0.0,17,17,17,1.0
cf-984,0.9,0.0,0.0,17,17,17,1.0
cf-984,0.85,0.0,0.0,17,17,17,1.0
cf-984,0.8,1.0,0.0,17,17,17,0.0
cf-984,0.75,0.0,0.058823529411764705,17,17,17,1.0588235294117647
cf-984,0.7,0.0,0.11764705882352941,17,17,17,1.1176470588235294
cf-988,0.95,0.0,0.0,5,5,5,1.0
cf-988,0.9,0.0,0.0,5,5,5,1.0
cf-988,0.85,0.0,0.0,5,5,5,1.0
cf-988,0.8,0.0,0.0,5,5,5,1.0
cf-988,0.75,1.0,0.0,5,5,5,0.0
cf-988,0.7,1.0,0.0,5,5,5,0.0
cf-996,0.95,1.0,0.0,5,5,5,0.0
cf-996,0.9,1.0,0.0,5,5,5,0.0
cf-996,0.85,1.0,0.0,5,5,5,0.0
cf-996,0.8,1.0,0.0,5,5,5,0.0
cf-996,0.75,1.0,0.0,5,5,5,0.0
cf-996,0.7,1.0,0.0,5,5,5,0.0
