target_key,gap,gap_rho
0004a59e-08f5-4597-a4f5-3f1d2620944e,0.5555555555555556,0.95
002ccc7a-39c7-4225-826c-041d5f5ae344,0.5,0.95
009b44ff-878e-4bd6-bf2b-bd1396ece39e,0.0,0.95
00b80c73-0bea-4a75-a2ba-846101b7b30a,0.0,0.95
01547797-0d81-4f3c-bc53-13b7f6197916,0.0,0.95
015ae7aa-a1f3-471d-aae0-836275735683,0.0,0.95
01ce6a94-1c4f-4664-8ef4-07d5dee525d9,0.0,0.95
020a3ded-7219-4645-8996-f45e0eb528ab,0.0,0.95
023993dd-7025-4154-98ea-01bd3b81d86f,0.0,0.95
025269e0-5fe3-411c-84eb-4f0c0cdf050d,0.0,0.95
0255884b-7e4c-4103-a55c-30fb9b198ab9,0.0,0.95
02ed2027-16fc-41bb-ace4-6af660f5482c,0.0,0.95
03161dc0-3d38-4457-ab4f-618bdd21fb2c,0.6666666666666666,0.95
03ae08dd-26a4-43ce-a289-4f95021df1b7,0.0,0.95
03d91505-7301-410f-a444-732eb923dcbd,0.0,0.95
03ee7457-5fb7-455c-abae-20309802a8bb,0.14285714285714285,0.95
04011add-c9a6-48f4-9b83-c98b4521d425,0.0,0.95
0410ac21-a94b-4b6d-bd87-71cfbd67778c,0.0,0.95
04503e6a-e2d7-4172-9bc7-f4d65c397119,0.0,0.95
04566835-f70b-449a-87cd-f441d19c7b7a,0.0,0.95
04b6967b-2a3d-4f49-b21f-9a5d28da2ddf,0.0,0.95
04ccefe0-50e6-41ec-8e3d-3c43a7e51e82,0.0,0.95
04d596a8-1e1e-43b6-a8b1-2503f6f3517a,1.0,0.95
04ddde5e-7b37-4e26-b4e1-f9abd2cdb30e,0.5384615384615384,0.95
04e6fa2d-83a3-4da9-8315-1a45f26e3e11,0.0,0.95
05021fb7-e612-4789-9b63-33157a20bdf1,0.0,0.95
055ec1a7-9625-41a6-bfd6-781afc018c35,0.0,0.95
057071f2-a2f1-4bb8-8dd5-823a72756793,0.0,0.95
059046c4-41ae-42eb-9c80-6dc0927d4cb0,1.0,0.95
05b22d75-10d6-4710-9642-f71c58ef885d,0.0,0.95
05c96e03-d471-4074-b219-212ace5e466e,0.0,0.95
05cc6f14-fbea-4a4d-bd87-111788331716,0.0,0.95
062ebb5b-1a6f-4e7c-8283-daa9b579efa7,0.0,0.95
06db50e9-6583-4e1e-889f-7a51f5ebba1f,0.0,0.95
07d44212-88ab-4ffb-9c9a-6ccb840700a8,1.0,0.95
07dc40f2-2281-4bfa-bcbf-611d60dabd0a,0.0,0.95
08422523-29ad-4868-9096-4ef4d2f08768,0.0,0.95
088164db-617f-4fca-bd3f-4cc54a82da13,0.0,0.95
089e34ae-d14c-4b10-993d-80e914fe2a5d,1.0,0.95
091703e4-61a9-4ce4-93b0-b72a4ff113c5,0.0,0.95
09a18b2f-a4ca-4292-bee2-cf17697399dc,1.0,0.95
09a72fdf-733a-4395-a7f3-1b3b54e2f807,0.0,0.95
09bad806-c913-446c-aeb7-3cd6a47cf5b9,1.0,0.95
09d8adc3-fbd5-42e2-80d5-5fc4ae3cf978,0.0,0.95
0a124981-dbb7-4198-a23b-0d7027d98c05,0.0,0.95
0a98b831-9122-422a-8d15-324619e90aa3,0.0,0.95
0aad7bb0-8275-4dbb-995a-09c747fbb1d9,0.0,0.95
0ac7ecea-bc0c-40b0-a20c-bb5cbaacd059,1.0,0.95
0acd8f42-9863-41ec-99ab-b6ffc7beb845,0.0,0.95
0bad3ef7-864a-49bd-81a9-4cd9b7e93fb3,0.0,0.95
0bfcf9bf-2c3e-4cea-a452-89d7fed81720,0.0,0.95
0c1da565-1350-4444-b6b2-ad6f453eb3f1,1.0,0.95
0c720a37-5fd4-4476-a9ee-95d87443b665,0.0,0.95
0cffd24c-530a-4eb3-8b9d-522dc961050f,0.0,0.95
0d14af5e-a808-478f-b3e7-06ef63c102bf,0.0,0.95
0da5bc1c-4aa2-4adb-beff-5b64ba2755c4,0.0,0.95
0dc94b36-d3d3-43ec-ab97-81095b2f0d95,1.0,0.95
0de1fcb6-4d81-436c-860a-1614596f1d39,0.0,0.95
0e4b4ce0-5bf5-441f-963c-f9a2516d8c36,0.0,0.95
0e95a2f8-d17f-4a0c-89a4-13c93950ce39,0.0,0.95
0ede79c0-cd27-46aa-a0ef-030d80a6f806,0.0,0.95
0eeec9c6-6170-456d-8ccc-95d0aed5990d,0.0,0.95
0f144d0a-e8fb-4792-a6bf-7e65722d5f83,0.0,0.95
0f2c6bd9-870d-4062-96d1-10a0c32f2ce9,0.0,0.95
0f3468ce-eb49-4a4e-b758-1e420411929c,0.0,0.95
0f6fb761-e63b-4b10-b6f4-64ae81a5cfc2,1.0,0.95
0fbcaf93-3804-47e2-b373-e73c2edc6afd,0.0,0.95
0fda496c-14b5-469f-baca-59b786f3022a,0.5555555555555556,0.95
1032b5fe-8a31-442a-bae4-806521db9ccc,0.2,0.95
109f2acf-f32c-4351-a35c-6e6f16f73885,0.0,0.95
10b791d2-567a-4894-ac7f-f12b74fef167,0.0,0.95
10beb965-2564-45ac-b577-27c7906133ff,0.0,0.95
10cd791d-57f3-42c9-8dee-20a08556af42,0.0,0.95
111f72e6-ca82-4662-b149-931323127fe7,0.0,0.95
1128c9e5-0faf-453a-bba1-3e546a781b6c,0.0,0.95
1129f6cd-e53b-4a64-8fe2-6773a5b50ad3,0.0,0.95
11357348-f3f5-4a73-9b16-e8e5cff6d120,0.0,0.95
1141188b-9990-451c-b71d-f4e0fdae0ede,0.0,0.95
11e9d8dd-b058-4bd5-a75e-6b88f78aa77b,0.0,0.95
12c69ca8-9f05-4c83-9f53-e5ef30436c73,0.0,0.95
12f7f113-6d74-470c-8345-9ffb4ff952e1,1.0,0.95
130c8b2e-92ff-45c5-a57a-6276297fc058,0.0,0.95
133300ea-29e4-4332-9afd-b373fdcb02b5,1.0,0.95
134e31cd-dd20-4e07-be46-fe13062bb01e,0.0,0.95
14038086-7cd1-4138-8f97-04aa3e482626,0.0,0.95
140d226a-bd62-4e12-b388-6ff39948d665,1.0,0.95
1411716a-c40c-4b3c-a3aa-d83788826fcf,0.0,0.95
145f9691-e9b1-45b0-a751-698c469f8a7f,0.0,0.9
146a27ae-9dca-4309-9f9f-2eea5660fdfd,0.0,0.95
14732080-bb8e-4327-955b-061c381d4ad1,0.0,0.95
147c0536-821a-446a-973c-2dca3793de7c,0.0,0.95
14921438-abe3-4a0d-b5ac-8a6c97968401,1.0,0.95
14983806-2726-4e77-9208-5e2c4571279b,0.0,0.95
149c4076-ac53-4aa3-8b4d-2bd84519a099,0.0,0.95
14ee554d-dafc-4362-b7aa-6f14e2f6b5df,0.0,0.95
150e3f6c-456f-4d85-9dae-5d18ce63d2f3,0.0,0.95
1549eb04-5b62-4190-91e7-e0052d0515aa,0.0,0.95
1564ee50-067d-4440-952d-115538a13dbb,0.0,0.95
1617bd92-1849-4450-b0e6-5c01b36fde09,0.0,0.95
165ca773-13c3-4680-af4c-e9d26f230718,1.0,0.95
1661a260-1343-4123-b83d-6a5b397a58d2,0.0,0.95
168c3174-a644-475c-ae8e-8948d81894cc,0.0,0.95
169ee8e1-5448-4dca-bad2-b06c9de559c7,0.0,0.95
1700119f-c9b9-46e6-b403-4007e63526b0,0.0,0.95
170dc552-35ce-4154-882d-f0dd45052608,0.0,0.95
17d062a2-f15f-4c9a-b245-94e4c1eb5568,0.0,0.95
18256181-cb70-47d0-b7fa-b6b03a5e1d55,0.0,0.95
1834029a-ea82-4560-b7e7-3b41197c4af2,0.0,0.95
18341c0d-3186-483c-ac4e-c05f97285cee,0.0,0.95
1840131a-59fc-4e54-84de-9a745a030e14,0.0,0.95
185f2219-bbb4-4a52-9687-ceccae5b926d,0.0,0.95
18c6ea4a-8bb2-4fa4-9130-2486b17db592,0.0,0.95
196234c4-3ce8-4ec2-b033-6782011c7a0a,0.0,0.95
199f9fb3-f95d-48bf-9735-7fd788968ba6,0.0,0.95
19a11ebd-9f98-4985-8090-7ff67364ff9e,0.0,0.95
1a05b73b-975a-4f19-acc3-b622d8c70976,1.0,0.95
1a245778-c1d4-4064-83ce-de806942680b,0.0,0.95
1a3c9946-a242-437d-97a7-e263c61b6622,0.0,0.95
1ad90e57-fcf3-4c11-8d9c-90e42a251879,0.0,0.95
1af04160-c373-4678-84b4-a5994b326a8d,0.0,0.95
1b27e620-93a5-4d16-bd3e-b84c5660956d,0.0,0.95
1b7812d1-3e88-44b8-99dc-8b1b5b1ef3c4,1.0,0.95
1b927bef-b871-4c86-b71a-2d9b6e62785d,0.0,0.95
1c348e1e-4062-47de-abff-139c03d1cc8f,0.0,0.95
1c627f8e-0a7f-4f4c-8223-92e2a8da6931,0.5,0.95
1d09ad96-1661-4ccf-aec2-74e252c1d968,0.0,0.95
1d40a3f2-54fd-40cb-817c-9dcf80f9a9a8,0.0,0.95
1d7ded51-09f7-4c04-a66b-79873b4d346a,0.0,0.95
1e33f004-accd-41de-8e2e-825b1431d0ac,1.0,0.95
1e65ed40-48e2-415f-9889-8b8f0f6e69e2,0.0,0.95
1ebe459f-6f61-4af5-a1c4-9a983cf56a84,0.0,0.95
1f295679-ee8d-4b8b-bd61-d52097aa68ba,0.0,0.95
1f3b7d19-6430-4cad-88a5-06d6fa13ebe0,0.0,0.95
1f4b8544-d99b-49fc-85aa-14f2fce79f7b,0.0,0.95
1f76fc8d-fa59-42d8-9a1d-3637fc578c1a,0.0,0.95
1fddad49-16f9-4d73-985a-30b74a5f6e0c,0.3333333333333333,0.95
1ff0a6b0-b44e-4aa0-b217-818fa2de2d8f,0.0,0.95
2029ee6b-3dda-4016-81ec-26bf1acb3355,0.0,0.95
2033632f-ba0e-4beb-92ee-5d557838c592,1.0,0.75
20389d08-00a2-4519-84ab-aeb653fb70af,1.0,0.95
203ebcf2-893f-4185-a35b-ee63ae29a7e8,0.0,0.95
211f3278-8232-4ff5-a7ad-c5b91f283caa,0.0,0.95
21cf226d-8cf3-4a29-96e8-3eb27d2a1d55,0.0,0.95
22267e15-ddbf-4140-b04d-d03a91b72a73,0.0,0.95
2249c9b5-7a89-4cd5-8150-4e2d0f0392e9,0.0,0.95
22595089-64db-4c17-a73e-6ccbf986e179,1.0,0.95
22c86836-bc19-4304-892a-b6339006e146,0.0,0.95
22cb6dc4-a0a3-4ed7-ac48-1257fc3e3bdc,0.0,0.95
235bc554-848a-4b2b-bd5c-0710b7984789,0.0,0.95
2371db10-658c-47c2-973e-a49322ba31fc,0.4444444444444444,0.95
2395f92e-05d0-45b7-84b9-7c7a2fbdd660,0.0,0.95
23c174b0-b3fc-4af3-a58a-48a769e13883,0.0,0.95
23e4956c-e9bb-4853-8ea9-adadb726515b,0.0,0.95
2420b0d9-c5d7-47bb-82ba-5f74c129b7e2,0.0,0.95
245f8bcb-a52b-4d52-b527-f417e70ebbcb,0.14285714285714285,0.95
249c30f9-b466-4605-b438-6354f5c1b6d2,0.0,0.95
249f8954-54de-4b8e-a7b5-72d4996eaf13,0.0,0.95
24c3c84d-3ca6-45d8-a957-ed0e336b9923,0.0,0.95
250306df-4c5b-461c-aa98-0e043231df63,0.0,0.95
255fe884-6d36-46fa-ac39-dc4ae566938f,0.0,0.95
256bf53c-e2e5-45cd-b0bf-c06e23a84443,0.0,0.95
25c7415a-5687-4f7e-9f6e-33931673f8b5,1.0,0.95
26851ce9-90aa-4def-b0c0-f47eaee9ce29,1.0,0.95
26882349-014b-4101-b4c4-bcafbc74e3b5,0.0,0.95
26ba7435-af90-44cb-8c40-b89a69406213,0.0,0.95
26dde209-6a24-48c0-8bf6-c8eca1b3f18e,0.0,0.95
26e3dd2f-e730-4c56-9971-0ebafb58de67,0.5833333333333334,0.75
2780a04d-f36d-4a90-a1c2-8d82da7356f9,0.0,0.95
28455540-59ae-497f-89ad-05eefb1a690d,0.625,0.95
284b9670-2581-44fd-92c9-f20a37622512,0.0,0.95
2918f582-ff35-4bab-869d-49ef3bff41f9,0.0,0.95
299f49a6-dbcb-4da2-b437-a4cfdcdc028f,0.0,0.95
29ad71c7-f290-4b97-a75b-6c6bbe31c5e1,0.0,0.95
29d0e2c7-67c7-4ab8-a097-76508445e56c,0.0,0.95
29f142b0-2a0a-4606-be0d-f0507d28e265,0.0,0.95
2a34e812-daa3-4a60-8e03-064fecff0e2b,0.0,0.95
2bff9aae-0fb2-40c6-bd4b-5e9fbfada1e9,0.0,0.95
2c12f0ee-9bc4-48e7-96af-c44d5368feb4,0.0,0.95
2c780c0e-a9d1-4a45-a023-54ff17b4749e,0.0,0.95
2cb8cfdb-7f03-48ad-b8d6-f46201a23a9c,0.0,0.95
2cc7e80c-706a-4468-b887-711eb73752f8,1.0,0.95
2cd733bb-3c9c-4782-bce9-72ed5cfa65cf,0.0,0.95
2cd9af0e-78fc-46cf-8cec-b46d2cb89ddb,0.0,0.95
2d5b62d4-9e13-4fc1-a080-02078c1374c2,0.0,0.95
2de35cb4-fd55-47fa-9336-698886c72366,0.0,0.95
2e397825-6fc8-4ef5-8d16-6c8cd69c4114,0.0,0.95
2e3ecfcb-5f3d-44bb-93f9-774a15579d42,0.0,0.95
2e5cef01-87b6-4abd-9f2d-b9368c325947,0.0,0.95
2e844444-f0e8-4696-be3e-ddd914f0801e,1.0,0.95
2eb95c7d-8f82-46c3-9a79-e1b09ebba66b,0.0,0.95
2f269e11-58da-499a-8948-7109759b4dd7,1.0,0.95
2f758adc-b197-4d5a-a93e-19436b8ce080,0.0,0.95
2fa9cbb2-85c1-4b93-8ac9-a47da2919dd6,1.0,0.95
3001b95b-5c81-4e76-895b-8a23c9482b20,0.0,0.95
302295ce-d019-41d2-be20-274deb187181,1.0,0.95
304e271a-dc51-4487-ba65-8be4d40f62e6,0.0,0.95
308a19c5-1086-46d8-8d32-7f63e468893a,0.0,0.95
3096e768-0d9f-425f-9190-44d5d8e2593a,0.0,0.95
31790ac4-10eb-45f1-b68a-7f13e256750e,0.0,0.95
31e26822-d371-41b0-9121-af5fe41e0b15,0.0,0.95
31ecac67-6239-4682-99d4-baa570ae0738,0.0,0.95
31f751cd-9632-4802-89f6-b80e67b64cb2,0.0,0.95
31fdad62-c0fd-4d3b-964a-c7f4ff260bd4,0.0,0.95
3205895c-14cd-4516-8de8-e33e70ae9bc4,0.0,0.95
3252490a-0319-4c3f-9292-0eb70352062a,1.0,0.95
32f1b6e1-6ae0-4868-8401-c3b4f3b6b276,0.0,0.95
3303770c-8f49-4b20-a9d1-34b49e3b58e4,1.0,0.95
33355a57-8308-461c-9b1d-c818c311c207,0.0,0.95
334eed48-9b35-42d7-9082-75542bbb3067,0.0,0.95
338980ca-295f-497d-b19e-87f9a7e76caa,0.0,0.95
3398c5ec-068c-429b-b6bc-2d8cd167772e,0.2,0.95
33f92ed8-e9b3-4b89-a291-6027a843a740,0.0,0.95
344ca8df-3f40-4e76-9a55-ff8e528f7c30,0.0,0.95
345403dc-8c80-45cc-af91-5920325c92d7,1.0,0.95
345521ce-669c-4f2d-8881-549975bf67f8,0.0,0.95
349ea8b3-f950-4fe1-82f1-5f42cb97ad0d,1.0,0.95
351e1d23-fc1d-4981-8706-e6e01553ba77,1.0,0.95
352021be-eaa8-44eb-ab31-227db22d56f6,0.0,0.95
357c3edc-53ba-44be-b57a-fa067c434556,1.0,0.95
35c9abed-d384-4dfe-a4c1-8eef365701b7,0.0,0.95
3661d1ee-dbe0-4558-9d99-cd23a7d68e09,0.0,0.95
36ec690a-3450-4a7f-80eb-07577c33cc9f,1.0,0.95
3713369a-a6d0-455b-9142-fb39433abbbd,0.0,0.95
376b6817-9c63-457b-a7e2-2de0cfe187f3,0.0,0.95
379b8310-9cc8-4fec-b980-f8322242663c,0.0,0.95
37ffbf7b-588a-4202-8e0a-409f7403b81d,0.0,0.95
3819e020-c980-4010-be19-3c72e73c44db,0.0,0.95
384461ea-e14c-44f3-bccd-2b24561af0ab,0.0,0.95
3890b932-251f-4f1b-b1ce-8303d8d112ad,0.0,0.95
38ac80c3-bbd0-483d-9de3-7279933e1b93,0.0,0.95
394d55e7-d7bb-4f84-8943-248295452de9,1.0,0.95
39621517-ecbb-41fe-bd80-d80c84dabec3,1.0,0.95
397c47da-f277-4d0d-9866-41d1d4b3ede3,0.0,0.95
39864fdd-0a8b-4c21-a680-b70e6d5927ef,0.0,0.95
398a8fd9-2471-4c67-b8f3-ed71c195ad55,0.0,0.95
39f903c7-5bb8-43f4-9bf0-c583156311d1,1.0,0.95
3a085760-6c8b-47fa-b2b3-26ff77f1fd6c,0.0,0.95
3a2573c2-36bb-4dd9-a702-50b706539a97,0.0,0.95
3a45c971-ef98-463b-aa51-a1614f90c9ec,0.45454545454545453,0.95
3b21b6b8-a056-4539-97e8-cc53dcaed3a6,0.0,0.95
3b22f48f-e026-49c1-8363-ecbf3b06b2f7,0.0,0.95
3b872e41-5b73-4add-b043-0608ddff1957,0.0,0.95
3b94d5ca-170a-4f21-a468-bda933ba2a7d,1.0,0.95
3bc5347d-e8f1-49e4-b176-cb3abcbc9cb8,0.0,0.95
3bcdaf67-828c-4525-ab9a-4d0a90d5d3b5,0.0,0.95
3bd74c79-e7d3-4444-a083-1ada1dccd90e,0.0,0.95
3c06eddd-f230-4d04-8040-5277d545567d,0.0,0.95
3c43a6db-1ca6-4946-8bcd-ff36e959bbe6,0.0,0.95
3ceac2a3-dd0e-4409-8701-103ed4063df5,1.0,0.95
3cfd66cc-9e04-4419-a7ea-393a13c489c7,0.0,0.95
3d07671f-2897-47bb-9c28-baa73cc5231b,0.0,0.95
3d40ba3b-b6f7-407b-bc15-2db367c4282f,0.0,0.95
3d62b2a5-6d6f-48a3-968b-8b485c2c696f,0.0,0.95
3d8b855a-a427-4928-a09b-db884cccaa0a,0.0,0.95
3d8eddb0-046f-4a4b-8507-5d8a45e5e860,0.0,0.95
3da11558-22e0-4fe4-bcb6-9cb2379c682f,0.0,0.95
3dbf6900-326f-4196-93d0-c1a52a2b0272,0.3333333333333333,0.95
3dd2e544-c8ea-45da-8e2e-dc4f747b8e12,0.3333333333333333,0.95
3e3bca08-eb8d-4810-b3d5-ac1cc7f9396d,0.0,0.95
3ec534b0-61a0-43a3-a3d0-b4e28597cbd5,0.0,0.95
3ec7b5da-852f-4b33-8bb3-c30c4660a3c3,0.0,0.95
3ecf0088-f0e8-43d5-8c85-ff303b684bb7,0.0,0.95
3ee4e03c-498b-421b-8ce0-c4ba56ef0677,0.0,0.95
3f2c0415-dd25-4a75-97d0-73708f7dd8df,0.0,0.95
3f3a2470-9f21-4d26-84e0-aa7b75c859bb,0.0,0.95
3f80eb39-c2d2-45e3-9776-7be8058dcadb,0.25,0.95
3fdc2c88-d4a2-4048-b5a3-9c997f770eb2,1.0,0.95
3fe6536b-b09a-4b1f-a6b2-e649362f757d,0.0,0.95
3ff14853-ee1e-48b3-8106-a2df1d1ca125,0.0,0.95
3ff4bb9c-dd92-4c8a-bdac-3928e9fb450b,0.0,0.95
404d0b78-b72b-4a9d-b05b-96304abd73df,0.0,0.95
4054e3df-e21c-4baf-ba3c-baf1ea2160d7,0.0,0.95
4080b8f9-e4eb-4549-a4ba-86bdc91a2a2a,1.0,0.95
413a1f3a-bf47-4b48-8f72-de24986a1526,0.0,0.95
41fe63a0-fddb-42cd-840b-aad91f886254,0.0,0.95
421c7a20-2c4d-4b61-a160-eee4239b71cb,0.0,0.95
4273b7b3-7fe3-4ab6-8b4f-6a51d2a126af,0.0,0.95
428380ae-07d5-43ea-98fa-f94b81cd8e52,0.0,0.95
42c6db98-5573-4796-810f-8910ae2ab723,0.0,0.95
42ded509-e4dc-44fc-bb13-d931349aa1e2,0.0,0.95
43247576-cd1c-4674-8a19-5cf31a9eb5a3,0.0,0.95
434cd6df-500a-4217-813d-1bcf44903e85,0.0,0.95
435115ad-8a6b-4e1d-a496-275b6e8ce0ef,0.0,0.95
436321b5-e294-4b3d-a98c-9feb5bd5a259,0.75,0.95
43b39f2d-fa12-4ca9-9afa-977cb8e00dda,1.0,0.75
43dc2393-7abc-431f-9e85-bd73c951f9ec,0.0,0.95
448dabcc-1001-400a-a52c-dedf24d908c4,0.0,0.95
44907c64-b8b9-4aba-bc86-536e5377d825,0.0,0.95
44b42a91-55fb-4100-9484-076787c9b084,0.0,0.95
45646df6-173e-46a8-bab5-d4159af76499,0.0,0.95
4577b9d2-6288-493b-9c01-9e777a377b44,0.0,0.95
45c8a632-fe8b-42d9-9e3b-6fd36a232502,0.0,0.95
45c92a16-407d-48a8-a3b4-177968401529,0.0,0.95
46663dde-2648-4ce0-ab65-bb46948bc04d,0.0,0.95
467fae01-79b1-4859-8277-e915f9d0985e,0.0,0.95
468b2896-abeb-4f82-9bb7-64ee8f809ca8,0.0,0.95
46a47e60-cbcb-4116-a4e8-334e43e1e0b7,0.0,0.95
46eeae35-36fb-4e70-ad44-b082bef0e9bb,1.0,0.95
46f718d1-352d-4b17-b1f4-fe46b0b7bfe9,0.0,0.95
4768f0b3-269e-416b-8a5d-297126a625a6,0.0,0.95
478ae898-8d7b-42c2-a595-e81e1d08cbaf,0.0,0.95
47bbe1bb-41df-41f5-b930-dcafb27a003b,0.0,0.95
47c79a58-a320-455a-a1a3-2813e0a098d3,0.0,0.95
47e11648-2071-4d51-b32e-cd56ada2f037,0.0,0.95
4805e08d-4810-4a11-a00a-a42e6b1f6df2,0.0,0.95
480e8d51-dd58-47eb-aeb5-fbcee80ec298,0.0,0.95
486e7b62-16d9-4501-8150-98561e9b99d9,0.0,0.95
487d1727-eb40-4a1f-9f4c-d428e1801c2e,0.0,0.95
48cf0182-058f-4117-beb6-d2905098a4c1,0.0,0.95
48ff04eb-5e1e-422f-b14c-c5ba103fcd9f,0.0,0.9
493045ca-9f44-47eb-934a-fe2eeeed77a7,0.4444444444444444,0.95
4978a677-f721-467d-85b3-b3338ea81e10,0.0,0.95
499621d6-c8b9-4b31-b68b-3a58e4fd321f,0.0,0.95
49a224a3-e491-474c-b494-c848cf22b110,1.0,0.95
4a795182-6c05-4dc5-a677-e056b435703f,1.0,0.95
4ab6ff56-5385-4d20-bb61-34df2a09ead0,0.0,0.95
4af92845-0020-4901-8b51-1d5dc0326420,1.0,0.95
4afcc0b7-31d3-46fd-bde8-bc95ef5a37f8,1.0,0.95
4b1063a6-daaa-4354-ae1c-5316bfd6a879,0.0,0.95
4b4d057b-0310-48e0-8c9e-e49b50e58109,0.0,0.95
4b87fcc5-fc59-432e-af61-da1794783a51,0.0,0.95
4b8d0cce-07f7-4f11-a417-8dc0388adaed,0.07142857142857142,0.95
4b8ef987-b07b-4db7-88f5-d73806afece2,0.0,0.95
4b96a9cf-3f61-4910-838e-b85addee9943,0.0,0.95
4bc5db66-e7ed-40a8-bd5a-271988d77874,0.0,0.95
4bd35f11-2748-4460-82fc-684148964528,0.0,0.95
4bd8ffbf-05c0-4f42-9c31-493f2d011163,0.0,0.95
4bdf1be5-47d2-4e1e-8944-1a40c814198b,1.0,0.95
4c35613e-b242-40be-b990-ed7b5341537e,0.0,0.95
4c6098ad-0022-41b9-9e91-9e8dded73b6f,0.0,0.95
4cd63196-ab23-4eb4-bf95-5b7e0600820d,0.0,0.95
4ce2f9fe-2176-4ddd-a938-2e65b0d69ebc,1.0,0.95
4d19284c-5694-4b13-adfb-72b465490eb3,0.0,0.95
4d2d328f-5622-4a40-a4b1-9a4ca918491a,0.0,0.95
4d8223f7-2cdc-4d98-aba5-3402155d8d23,0.0,0.95
4da45b49-b472-4713-8e45-24fcac4b1eff,0.0,0.95
4da9d55e-529d-4602-8b9d-96e6b61c972e,0.0,0.95
4db8afe0-c40a-4236-a0ac-87df807dbef7,0.0,0.95
4dc70acc-5b8f-45ed-af3c-bd529f3766fa,0.0,0.95
4df0fd72-a553-4c75-bf12-d7932d21ef72,0.0,0.95
4df94d8d-5c48-474d-afa3-57229029dbf5,1.0,0.95
4e0d5a16-b96a-4fbf-81ec-5e5e8abe9659,0.0,0.95
4e257758-7af0-41ae-b607-cf855b35599a,0.0,0.8
4e4474ca-7a48-49bf-88ae-a61486f0c4db,0.0,0.95
4e6b7dd7-467c-437e-b980-a5e00df359e1,0.0,0.95
4e781920-bc56-471f-b6ef-0b65be1f215a,0.0,0.95
4e7c88c4-4038-4836-bf14-79b54b235498,0.0,0.95
4e7d3320-7e20-460f-9aa8-a0db8d8bcf99,0.0,0.95
4ee31f55-e29a-4c2e-9e45-442ddc25a107,0.0,0.95
4eed38ee-8c96-48e8-9075-c14c07355312,0.0,0.95
4f59efbd-453b-4377-8256-c1c59c0ffd73,0.0,0.95
4f91e3e6-935d-499b-8cbd-e22a97d11a3e,0.0,0.95
500970a2-0682-4dcc-b231-dc9f3bc6f8d0,0.0,0.95
50b08c5b-9ea2-4d8e-9f3d-8f5ede92048a,0.0,0.7
50b7e441-7020-4dd7-ba3f-321347073030,0.0,0.95
50c593d1-d237-4c39-bf78-f2523980def3,1.0,0.95
50eb887e-ed25-418a-b472-4f731561aacb,0.0,0.95
50f7645d-8820-43d2-bd09-19507e914f2f,0.0,0.95
51038b2e-489f-4fcb-b401-f85419e9b6f5,0.0,0.95
5105ec8e-2187-4d13-b3b3-8cc3968ed7d4,0.0,0.95
51118870-a4e4-4878-9064-6d5e5460e09e,0.0,0.95
515d4cd8-9eb6-48b0-a8f0-331e67394dae,0.0,0.95
51bc81b3-d419-4360-831a-ab3bc54b2f98,0.0,0.95
51e71218-ab75-47a4-a715-350e473a4b53,0.5,0.95
51edf9cc-ff45-4a6f-a9e5-6e7bbd1c4aeb,0.0,0.95
51fec371-cd2c-46a0-b3de-983dc46bd505,1.0,0.95
5231a1df-f9e6-4b90-ba4b-a062fe24650b,0.0,0.95
5245dbcd-4ad1-4e3c-aa7b-5e4a1fb18585,0.0,0.95
525c575c-92fe-4fba-98b7-93304e258df6,0.0,0.95
52e89e98-9185-467f-86e3-e1b3a10b43bf,0.0,0.95
53383bac-8334-4e5a-8698-e00543b6f585,0.0,0.95
5362da91-54ae-4f11-939c-60af0394d0d0,0.6,0.95
53772b4f-45f6-415f-9a35-ceb61e46ce9d,0.0,0.95
53ad23a5-d37b-4571-9c49-e00b95c7c22f,0.0,0.95
53b00256-2bfe-483d-9df1-9b3086b37bf5,0.0,0.95
54327522-9dc3-499e-afad-8aeafb5ef968,0.0,0.95
54466085-8a55-4659-9737-a4b6996bf568,0.0,0.95
54521b20-3462-4321-9dd9-b33a7d2c26d9,0.0,0.95
545a7124-bbb4-4ea5-8f75-eed063a0668a,0.0,0.95
546289bd-5755-4cf7-a221-ce434c73b596,0.0,0.95
54d63cc2-f18e-4e66-9f9d-fc1f0706e100,1.0,0.95
550fa0eb-02ca-4480-a580-7bb283cd19ef,0.0,0.95
554c9a0f-74d4-497a-8e17-2a0cb373497a,0.0,0.95
5570b2ba-1e23-4ec8-b1f8-c5687789190e,0.0,0.95
558191cf-6fc9-49eb-99d9-0322c3c967ba,0.0,0.95
559391ff-25e0-4ae4-b02c-eea227215bfa,0.0,0.95
55a9aaf7-cf62-4ff7-98b1-c1ed64df664c,0.0,0.95
560e7c65-3d88-496b-a3d6-dc506d08b770,0.0,0.95
5690bd63-d7e7-4efc-bcf3-e5f272f22c72,0.0,0.7
56b49abb-bb11-42ff-a054-78e5b39fc9ba,0.0,0.95
56dc829c-24cf-480e-aff1-cfde3b1f9369,0.0,0.95
57092c1e-8555-43c8-a1f9-a8724ae11116,0.0,0.95
57457854-5831-459b-91a1-add56a6b9c74,1.0,0.95
5760878c-3a69-41b4-ac8f-12e7648c1974,0.0,0.95
5794adf9-e92f-4897-a543-f6d3c1c70acf,0.25,0.95
57f7afa7-9417-4d8a-9280-2a1008465525,0.0,0.95
57fdba4e-85cb-482f-97e5-c5e430648561,0.0,0.95
581078df-fc03-44e4-85d7-94302c512db9,0.0,0.95
582b4d6b-043e-4ac2-966b-6e8049ba7e36,0.5,0.95
5875900a-9e89-48c1-9894-17e19d9b1db0,0.0,0.95
58a90b2b-f6c9-4f28-adf4-4bcb6eaa595d,0.0,0.95
58b6b0c8-bb6f-446e-b35a-28be07c94afd,0.0,0.95
58e697ed-1a84-4f55-bfaf-3eb5cf534913,0.0,0.95
594e1dbb-2f01-40c9-b459-fac4a9cd588e,0.0,0.95
596d10a0-89c1-4d49-bc18-5b7dbeafde64,1.0,0.95
596de118-f08e-4a06-b0d0-9e3caaf213c6,0.0,0.95
5999b77d-430e-4d5e-8aa2-77abd039c4f6,0.0,0.95
59c3899a-183b-49ce-bb0f-c54a01dd6f04,1.0,0.95
5a005797-6c00-4ccd-b65a-40e71fa982c5,0.0,0.95
5a020b9a-7a1b-4b9c-ba00-ff19e0b4758c,0.0,0.95
5a215b6e-2db2-444f-8699-e6722a33cfb8,0.0,0.95
5a2d145c-f4ac-4be1-b6ee-0e0ddc9f6ee6,0.0,0.95
5a4f9ab3-3343-417c-a12e-f8008ebd3d1e,0.0,0.95
5a598fdd-8fe0-4da4-9e97-f10539ba6e74,0.0,0.95
5a6d2421-e3bd-4739-a6a5-2faf1757c994,1.0,0.95
5a7f972a-5c54-49b6-90dd-caee65688443,0.0,0.95
5a8b472d-6195-41c7-840c-8f528553ebb7,0.0,0.95
5a9089b3-fc39-4673-99af-bc212e3e43d1,0.0,0.95
5aa2ea84-6427-4ff9-ab65-e41c6ef991c3,1.0,0.95
5ab8c344-2705-4d37-b430-6913d8f5868c,0.0,0.95
5afcabf6-b05a-4ce8-9cb6-d6d6b78effed,1.0,0.95
5b3589cb-350f-495d-94b9-705563c8982f,1.0,0.95
5b51bfc1-f0ff-4ee7-b5a2-f78285b693d4,0.0,0.95
5b7a9bf1-bbc3-4f5a-8b00-0f2f31e6c749,0.0,0.95
5bb01b09-c2aa-43e4-94ee-8392a0d676cb,0.0,0.95
5bb98d22-9229-4e52-b663-318b89c3d0cf,0.0,0.95
5bbcf9e5-8818-4fe1-ae77-a5f04ee4d21b,0.0,0.95
5c31c586-ad2c-4612-bf3b-c77ffabf9647,0.0,0.95
5c3e7a6d-4903-4f79-8d73-3d5b993ca665,0.0,0.95
5c5491f5-12cc-41e5-8304-cb8efa8bc4dd,0.0,0.95
5c7490d7-f329-4973-96cf-7ea5ab3daed4,0.0,0.95
5c872e79-acdf-4eb1-af74-76dc1156b4ed,0.0,0.95
5c8aae3b-f13d-4d42-9252-5937ea774c80,0.0,0.95
5ce25660-7c06-4e5c-a756-9a97bcef3544,1.0,0.95
5cfe6347-170e-4aa0-825d-6b5fcb5e6912,0.0,0.95
5d05e60b-d0d8-4492-bd6f-6af118a938e4,0.0,0.95
5d141b72-8e6e-4643-a8e3-f3d8e3a3cebe,1.0,0.95
5d779c75-c9c2-4d14-8a67-05696c0380a6,0.0,0.95
5d86a20e-12f3-4e17-a8b9-9f9d7d8a32fe,1.0,0.95
5dbd1903-c9aa-4114-9793-f902e39c9885,0.0,0.95
5dbed17b-2db8-4d97-9bf8-a7f78f6e290b,0.0,0.95
5e1dc142-3447-4aa9-8141-241f8956558b,0.0,0.95
5e65c98f-56ec-4f8d-940b-293ad164b1b1,0.0,0.95
5e9062e7-0e22-453c-938f-a6c1a661dc13,0.0,0.95
5e9c4eb9-eed1-45ec-b293-70f1e24dd969,0.0,0.95
5ea4e009-915d-4bd1-96b5-3549d508c3f9,0.0,0.95
5ead2096-7737-45e6-93c0-6ced09081bb7,0.0,0.95
5ec5808c-876b-4e96-9130-d32394c4d580,0.0,0.95
5ef36fd0-ea9b-48e2-bbce-3976b2f80116,0.0,0.95
5f04f6f0-a49d-4dd5-ae18-18d2c2fc76fc,0.0,0.95
5f0dde2a-6e81-4a7b-b6b3-15a8006a90c4,0.0,0.95
5f7b0c07-5dba-4e15-a774-f62b6d9fd851,0.0,0.95
5f7eb3ca-f87f-49b9-8cf7-d10879c931dc,0.0,0.95
6026137c-dd18-47cf-990e-a14e37f3e61a,0.0,0.95
604a3472-fbdf-4768-bc32-e11e940ad96f,1.0,0.95
608da890-aa88-4f76-959e-591ecbf6be17,1.0,0.95
60a18e68-c630-4ae4-9da6-344096fd8222,0.0,0.95
60d7be1e-c450-4f0d-9b92-562e3a9a7055,0.0,0.95
60f025f5-b304-4adc-a3be-cb4823f4d584,0.0,0.95
61217192-44c3-47e0-a0cb-6cde4741654d,1.0,0.95
6157f8bf-e078-4cf8-8d1e-2a928ff8d7fc,0.0,0.95
615d66d1-65dd-48ba-a474-1de01640a576,1.0,0.95
616af73b-6ec8-4609-bc27-336b76388526,0.0,0.95
61fd7e61-d353-4cd1-9f03-f09234674814,1.0,0.95
62257e0d-751f-4e16-a6eb-0b8bc67c0f8c,0.0,0.95
626548ef-829b-4a3f-bb4b-684538bfaa5a,0.0,0.95
62cad599-d281-4e6c-a433-4ab978454928,0.0,0.95
62d4f995-d423-4349-885f-580f28f989d0,0.0,0.95
634f7ea6-2aec-4bb4-bb31-b80f385a6a67,1.0,0.95
6386a036-a3d8-410e-b6b3-c28feb2c2db5,0.0,0.95
63908469-5b48-44ee-88b8-67acb47325ee,0.0,0.95
6397826d-822c-4f2e-8dc1-807ebf5becbe,1.0,0.95
63b404e1-a958-4d14-ad70-a420ae846de7,1.0,0.95
63e9f297-63ba-4357-aa0f-e9ee1cc9c3d0,0.0,0.95
641e78c3-0c49-4cff-a484-536d9812d721,0.0,0.95
6435891c-14aa-43ff-9396-0b4a9ef6d2c2,0.0,0.95
64615e21-3227-4c34-af27-b3bb3de5e8b1,0.0,0.95
64b2e548-0965-4242-87db-4911fa49ed6c,0.0,0.95
658b2281-7a6b-4efb-9b33-fe7b1b6257c2,0.0,0.95
659ecba7-b35c-4100-8a48-1ce9ac63ab8d,1.0,0.95
65d73cda-0042-48c0-bf05-8fcd68fc58d9,1.0,0.95
65da9884-936d-4002-96fe-e0a2398fbd5b,0.0,0.95
65db281f-6fc2-459f-a89a-8914692b8dfe,0.0,0.95
65dc8377-8486-4ab9-9b52-89589c2ac837,0.0,0.95
66441464-daab-43e5-97e9-a63641dfec74,1.0,0.95
669f6b96-49c8-420c-abd4-1a09dec35c26,0.0,0.95
66f23033-4936-4009-8cc3-945a9d70982a,0.0,0.95
67143870-c8a8-4962-893f-08d177fdd508,0.0,0.95
67286430-ed0e-48cf-8928-c4abf39dd126,0.0,0.95
67398885-f08b-4842-bfbf-e773a4eeaab7,0.0,0.95
677ce16b-a135-46bf-9f66-102623cc1fb8,0.0,0.95
678258ec-3dd5-4d0c-b7d6-baf0499ca129,0.0,0.95
67aa3668-e3f0-4986-9092-a9a3902cd854,0.0,0.95
68136cec-2f99-454f-a2a2-5f7925cc54a5,0.0,0.95
6866160c-3994-462d-aebd-45925461238f,0.0,0.95
6899decc-b588-4a0c-9c83-5618119c6c71,0.0,0.95
68ef803c-65df-4295-8646-09fd1fc19945,0.0,0.95
6918692c-a985-4bbe-9fd3-41f869143d23,0.0,0.95
692684b0-ef5d-4fd2-9b6d-390463452b1d,0.0,0.95
692c868a-465e-4578-96b7-583aeb420cbb,0.3333333333333333,0.95
6953a051-a1f7-4088-a375-1fe79895d097,0.0,0.95
69802844-51e8-43b0-a70d-5c73a949248f,0.0,0.95
69d7acb9-999a-4aa7-9662-f3540ffc0b6a,0.0,0.95
6a8327b5-6c3f-4d28-9019-ee96c11757e5,1.0,0.95
6a877922-a51c-4304-9d5c-acfc281d3c3c,0.25,0.95
6aa8012e-be10-46c2-b74f-fe368d5d3b59,0.0,0.95
6b35f8b3-7763-4110-b2d1-c18e107a4dd4,0.0,0.95
6b787eb0-978c-4e5d-bd9e-48e129b7867d,1.0,0.95
6b81ab0b-170e-4f41-93ea-4364906d29ef,0.0,0.95
6b9d082f-c23e-4975-bd7c-43ef09ba5e4d,0.0,0.95
6bcd3d25-e202-4741-b35c-f3e46642196f,0.0,0.95
6c00f0f0-a338-465f-b7a3-ec8f6ecf4380,0.0,0.95
6cd36a17-31ec-4cf1-b9d5-6180ba25e8bb,0.0,0.95
6cee606b-6685-467c-8b67-cfabd81bf6dc,0.0,0.95
6cf4d306-2bc3-4a79-add5-9103c8a17ff4,0.0,0.95
6d08b938-e74c-4006-9c54-b0028348c9d4,0.0,0.95
6d9e0788-6067-4bd8-beb1-90f06e11c792,0.0,0.95
6da01fb6-1a24-4a10-bc29-7d8da3bf9509,0.0,0.95
6da8204b-1964-4b2a-9b29-4d7e668daa29,0.0,0.95
6daa4b54-349d-42cd-829f-d5c28a9678c3,0.0,0.95
6dd6995a-bca5-46b0-ae6f-afbbc22991f9,0.0,0.95
6e34512a-faf8-4cf8-bfba-8205271fdc90,0.0,0.95
6e822058-a0f6-4a29-8e21-e2ba6c5159cf,0.0,0.95
6e9262a8-9b04-4d59-84f5-341843b9a063,1.0,0.95
6eb1ef46-de09-4d23-bd65-0420c7bef5a1,0.0,0.95
6f4784a4-0527-42d1-b5af-e0dd3504bae0,0.0,0.95
6f6a5ac5-f89e-4042-a1d5-9bde6a053fb9,0.0,0.95
6fdbe372-9ce5-4d04-ad6f-7d5c43dc357e,0.0,0.95
6fe364c6-150e-4c60-a8ee-5c41ca8e1519,0.0,0.95
6feb54d9-2e6d-4327-b22d-93c8b1599166,0.0,0.95
6ff46f1d-fbf7-442d-a570-fa1713d86e89,0.0,0.95
70594d31-710a-4f29-a6ae-4b9ccd838196,0.0,0.95
7082e5f5-ec5c-42b1-af4a-82850bb9b4de,0.0,0.95
70d670a3-c3a7-4c91-8744-12d1bd5dc0bc,0.0,0.95
70fc07b8-8642-4218-bf5a-987ca8998fa1,0.0,0.95
71947001-eae5-444d-97a6-a44cddd8be7f,0.0,0.95
71bd1e17-c052-4a92-a60a-f1b84b3833fe,0.0,0.8
71d372dc-8420-4c9d-b932-3fe1e673efa7,0.0,0.95
72945197-41f0-4b13-9bdc-04478e54e002,0.0,0.95
734a55fd-a340-45c4-ba9e-a38d89c2b0ff,1.0,0.95
73825783-d45d-4f2a-9178-1a04cb610f2d,0.0,0.95
7389ea02-fb8d-4fd5-8759-b8c7dca8c3db,0.0,0.95
739537ec-e04d-4483-9705-027476a0ea11,0.0,0.95
7428b176-bf6d-4b9d-b09c-3fdc0395220a,1.0,0.95
749aae17-3e0e-4c41-9a51-657674b5543d,0.3333333333333333,0.95
7512a919-3e18-4ae9-8e85-fd2fc9bce0c3,0.0,0.95
75231305-0015-40af-8839-14db02fe4d8d,0.0,0.95
75ee6df5-c0cd-428a-bfba-b2fb759b8608,0.0,0.95
762393d8-ea51-4ee7-b2d7-1a113ffad74e,0.0,0.95
76349d85-77d4-4b79-9320-dfecc62d90e8,0.0,0.95
76579677-940c-4594-b057-ab1e91b0928b,0.0,0.95
767d175c-ee03-4682-9219-d4651827885d,0.0,0.95
769f855c-33a3-4fab-b32d-cf27635386b8,1.0,0.95
76ac4c5e-0e8d-4bc4-9374-a22a37769b01,0.0,0.95
775012ae-736f-434b-8b4a-539ac18dd698,0.0,0.9
77725e56-3c60-4043-81e1-9ab62a80b321,0.0,0.95
77ac13a7-c0f8-478c-b1ce-a93bcfa486aa,0.0,0.95
77efbee6-10ad-4641-a8a5-c571535931c0,0.0,0.95
78117ce8-a74d-4e6a-aa52-e3e2219c9875,0.0,0.95
7835da03-ad73-4c7d-a641-6dc9ba3ff161,1.0,0.95
784345de-f16c-495a-8a89-1fac2e545171,0.0,0.75
784440c9-9856-4da8-9e5d-f4d302a5e716,0.0,0.95
784ee77c-cada-4e12-877a-60e8f6324fa9,0.0,0.95
78542c47-6875-4aad-bca6-dbd876d69af5,0.0,0.95
78549aad-7ec6-46cb-9693-40aca7e9b797,0.0,0.95
785b31aa-f3ba-4902-9bda-8ef8bf232fa6,0.0,0.95
79cc5f4b-e820-441b-a743-c66a4db26c2c,0.0,0.95
7a6189a5-0cfc-4510-b028-83743e6613ee,0.0,0.95
7ac33c24-2a31-49ba-9e08-44286532c567,0.0,0.95
7b18e040-83a1-448b-a24a-385eebd744c1,1.0,0.95
7b65ccfb-5acd-4e08-8bfa-86f9a57f131f,0.0,0.95
7b6ef166-35d1-41ec-bb52-af71a0f33090,0.0,0.75
7bbc010e-8c1f-4bbe-b1c6-48be68a9e65d,1.0,0.95
7bc9245a-dfd6-4a64-bc23-0123ce453236,0.25,0.95
7c01fca8-7954-439d-84f2-03d0cb16b504,0.3333333333333333,0.85
7c2d7ea8-cfc7-4a02-99b6-6b22c4931173,0.0,0.95
7c58cfc4-fe6b-49ec-9ea4-2e84b95e5ef7,0.0,0.95
7cc16f4e-a526-4c7a-8358-28732b337d02,0.0,0.95
7cf80886-65b3-40c2-987b-fbe5e99a49fb,1.0,0.95
7cff08e7-179b-4abe-b33b-739dbab802cb,0.0,0.95
7d8a0624-34d2-4c09-9496-05e4417cb51a,0.0,0.95
7d915715-bed2-4f16-8ad3-bd750ea90a0b,0.0,0.95
7db1a7d5-ea73-42d9-a33c-126bebe57f78,0.0,0.95
7e2a9b9d-61a8-4783-9eb3-2605bae8d4b5,0.5,0.95
7e6f2e08-3a5f-4d7d-bd37-65084089beab,1.0,0.95
7e79e946-fa4b-44a9-8498-4ee0abd74099,0.0,0.95
7f130e2b-70db-4d52-b6d9-9582731e4fd4,1.0,0.95
7f488738-d192-42e0-a561-9644d54982d3,0.0,0.95
7f4a4785-0be1-46f6-b1ff-e2f3b7e2052a,0.0,0.95
7f7789da-0a74-44c3-9b65-b73258f52015,0.0,0.95
7f90373f-37cb-4b0f-bfe4-4abde81934fb,0.0,0.95
7f9363ac-384f-4282-9d16-969ee4e8a685,0.0,0.95
7fc08fd0-96f5-4cc9-bcfc-cddbbc30070d,0.0,0.95
7ff95bee-f860-4d88-af5a-2f3e472f04d2,0.0,0.95
7ffb05e4-8b70-4a25-9770-f926226eb43c,0.0,0.95
8035b87f-42fc-408b-85ad-b5a46060deeb,0.0,0.95
80386610-b9c2-49c4-9abb-bb03a91dd0a9,0.0,0.95
81d980c5-ae3c-4bb4-b11f-7c3c0419f6ef,0.0,0.95
81ee0aea-73ce-4b24-bf02-d6e29895c510,0.0,0.95
82133c5b-a211-491d-b3e6-6e43f2ea3ca8,0.0,0.95
823aeb20-51ef-41d0-9b70-cc96b46d0ba2,0.25,0.95
82a1671f-81e1-4f6c-bf46-642cf2fb5b2d,0.0,0.95
82d0fa9d-5ce6-40cf-845c-9ed3e956e884,0.0,0.95
82d39589-8e4f-44f8-ab66-e0558e70269c,0.0,0.95
83383059-6d9a-4e49-9444-5c9c41708ee4,0.0,0.75
83944723-18fa-4be6-b3bd-6809026d99bb,0.0,0.95
83b4701a-0028-4fa6-91b5-a924d40d883c,0.0,0.95
83fb0811-6df7-4350-a65e-9a5f98a56279,0.0,0.95
8435baf0-6827-49c2-a499-781a31c5bba5,0.0,0.7
84390d40-9d22-44cc-bae5-13bd7dd304eb,0.0,0.95
843e3243-0eda-43f1-a8b3-b03fac90a05f,0.7142857142857143,0.95
8468c470-a02a-4ccc-99cb-4404f3b201a8,0.0,0.95
847c6aff-bf4c-4a9c-bba7-20955a68156d,1.0,0.95
849550ee-dd6a-4e4f-9d03-5975ba34a1f9,0.0,0.95
84c936e1-cb4c-45f3-9b80-c761b4bdbb6f,0.0,0.95
850d071d-a7ef-45db-b724-7c2cb1f58fcb,0.0,0.95
85241657-c87c-46c5-b626-c14fa8a6917f,0.0,0.95
854e0b90-810c-4125-b69c-0d4e56916083,0.2857142857142857,0.95
85861498-a24d-4bf9-bdd4-fcfe9976e949,0.0,0.95
860ae0f0-2e9b-4aa6-8faf-754370645892,1.0,0.95
8611a7bd-93c5-4451-ab2c-69cb0620f8b9,0.0,0.95
863387a4-5238-46f9-aac0-9abf50421010,0.0,0.95
86456788-dd0b-4bde-8f04-4e6a2ec52607,0.0,0.95
867237c6-77b3-41e4-adb3-64d52ef3402c,1.0,0.95
868dc0ff-587b-4a63-a857-b598c800ea0a,0.5,0.95
86b68e2a-37bc-4e01-a15b-68cd4f60611b,0.0,0.95
87393ca3-790b-42a4-b742-341194757bf8,1.0,0.95
87ce00f1-64ff-40f9-b466-41b56f61d3e3,0.0,0.95
87dd0a96-7567-40bb-bed9-9e6c74ee8e7f,0.0,0.95
87fa1df3-f643-4feb-8f35-b8647cd17877,1.0,0.95
88117cdd-8c1b-4c61-be5a-51f6d82819b7,1.0,0.95
8812465f-f218-4c5e-b7f1-bf061c4d5043,1.0,0.95
8845fadc-f025-4127-a25b-ca819fc4321d,0.0,0.95
8876fc27-83e7-4ef7-8de7-50086e2865cc,0.0,0.95
88862386-3229-4caf-bc52-1f60566224d7,1.0,0.95
888aa691-ea7f-4a9e-a76a-aa613c25afb6,1.0,0.95
888d4df5-40d9-445c-a0f5-45c31416d387,0.0,0.95
889d1f2e-0819-4eb2-bf34-63cba3ec4982,0.0,0.95
88ae3795-3456-4a4c-9236-049b30100a30,0.0,0.95
88bd0233-7e78-441d-a1f2-0d067f36ea34,0.0,0.95
88c33eab-fe82-4f18-9683-52feef92a1d1,0.0,0.95
88ee000b-7757-44cd-a7ac-5a27e3c7e4a8,0.0,0.95
899cb561-5fbb-4881-9c7b-ccf50ccc850e,0.0,0.95
89bc2550-a7bf-4973-b21e-25f8aa1e8139,0.0,0.95
89befd9a-c4c6-4e9e-a324-4db1903310a9,0.0,0.95
89e96d21-5aed-40a2-a453-3ba3eb038876,0.0,0.95
8a011f94-4944-4395-b7d6-e5f24468ecb5,1.0,0.95
8a246f34-2f07-4a69-86f7-0f067cf317b0,0.0,0.95
8a484615-b298-4b75-b9dc-dffc15353655,1.0,0.95
8a68caad-0171-4a59-a9d9-15dd6e55d84d,0.0,0.95
8a9db58b-d564-404c-a48e-45738010c5d6,1.0,0.95
8abb1168-2393-4589-aeb2-fa0a2d7c21cc,0.0,0.95
8ac3bca7-f903-4220-b010-29180d14d2fc,0.0,0.95
8ad8af8f-db35-43d5-951c-cb149130db93,0.0,0.95
8b38f5a0-73e5-420b-9172-c98e75831507,0.0,0.95
8b5fbae2-c740-43b4-8876-39d56c5c2116,0.0,0.95
8ba0c39c-de76-4a09-b7bd-ffd87ddc9e39,0.0,0.95
8bb950c4-2367-4fe2-9a2a-0340386cef84,0.46153846153846156,0.85
8c38c689-a5bb-4557-8b47-606f68477a66,0.0,0.95
8c3c398b-8eef-4eae-89fd-ad392efcab9d,0.0,0.95
8c69b3bb-0bad-44b5-b1d8-851383a97f4e,0.0,0.95
8c75b296-dd5c-4347-a1a7-1e88d5d37c89,0.0,0.95
8c925bbf-2ffb-4c9c-84c6-fca873bf719e,0.0,0.95
8ca3c673-a2c0-4f73-868f-c14bb2af97d7,1.0,0.95
8ccc71b9-6e64-4798-bf2d-cbc1652f6950,0.0,0.95
8ce5b3e9-a7b4-44fc-ba12-a62bee9ad198,0.0,0.95
8cedf432-f7bd-4207-9254-16ee4b2d4619,0.0,0.95
8d0dae5f-1475-4a93-a298-d53de97b3286,0.0,0.95
8d5370b1-03a8-4f7d-a558-632ac7fe65f2,0.0,0.95
8d6c9fb2-2260-4b10-8c05-3a75b96a9ffc,1.0,0.95
8db607ac-17b1-4e77-8003-30650a6951b3,0.0,0.95
8dd6e993-a4d6-48e6-803b-5efcc10b2f2b,0.0,0.95
8dd7d852-d97c-4566-8b57-304c0e64a872,0.0,0.95
8df5f893-94e3-4a1a-b9aa-c58b9f2bf7dc,0.0,0.95
8e3f6d91-f351-4c58-b924-645de00f4ae7,0.0,0.95
8e61733b-138d-4741-859f-61054ea3e2f0,0.0,0.95
8eaae967-d215-42c1-9cb8-91a2f4dc36ab,1.0,0.95
8ef114d2-7679-4928-96e5-152beeb4fc9d,1.0,0.95
8f3e60e2-4541-4668-b869-2e67b8d03c8a,0.0,0.95
8fa25491-9074-4279-ac54-23e1e26b0eee,0.0,0.95
8fbce334-e643-42b7-9d30-1b8bf4bfcfaa,0.0,0.95
90095210-be44-41c8-9e57-b8a048447e00,0.0,0.95
900c0d1d-51f9-4ae2-906b-f24091a1c6ea,0.0,0.95
90612488-23fa-45b5-9dfa-d431c08485b3,1.0,0.95
90b9fb46-093f-4d85-8957-78678126c837,0.0,0.95
9124e36c-8a10-4d04-86bc-b51742c3daac,0.0,0.95
91888cd5-e484-4775-8c41-2ffdce1e148a,0.0,0.95
918cf6da-2841-4472-8521-a14e70dd3fd8,0.0,0.95
919e129e-61f0-4bc7-9cd5-3c9f7570e708,0.0,0.95
91b6f106-9113-4397-ac26-0abc3fdef7f8,0.0,0.95
923cbedd-27f3-439b-93e0-6947d4e42398,0.0,0.95
929c2fe3-8f04-4903-8163-085a52d9560d,1.0,0.95
9306bc2c-0250-4ba0-b725-dac69540ccd7,1.0,0.95
93414034-feba-4e0d-a3e3-33011ee3b649,0.0,0.95
9356c51e-8fe3-4499-9cb2-4b2067d5f169,0.0,0.95
9370d878-f05f-47f5-ac9d-d2c9e8f44d75,0.0,0.95
93805ec2-0442-429b-bdf2-20525df4348e,0.0,0.95
93a7d11e-1259-4019-8b46-ada91a802049,0.0,0.95
93b87f66-5fbf-4190-9d52-2ac0ce22ecb7,0.0,0.95
93e61783-326e-42eb-b2dc-657473445799,0.0,0.95
940f09a7-4a0b-482b-8041-bbbc03467216,0.0,0.95
941d972d-fd67-4c08-85b5-4f0b9083d81a,1.0,0.95
943cc069-9d2b-453d-860a-7ee4430e3977,0.0,0.95
944cbe5e-8875-4137-8e6f-9c4cfc80b0b6,0.0,0.95
94db9132-8da0-4f1d-ab4c-de6110f14812,0.0,0.95
9518f15e-512d-400b-aa3b-634626465eec,0.0,0.95
95600ec7-9579-40d7-a259-fadbbc1b5fc7,0.0,0.95
95c131fb-f17d-429d-b3d1-b693700210a5,1.0,0.95
962bdc20-e3bf-43dd-a844-fb6f4265518e,0.0,0.95
964fac10-d0f3-4466-8661-b0bbe9e9fcac,1.0,0.95
96767a38-691e-44c8-b2c4-c386668b3471,0.0,0.95
96db4b6c-5a9a-46bc-98b1-a42b430ea5f4,0.0,0.95
97c86416-6efd-4ee5-8247-be51a3b1b76c,0.0,0.95
97fa5c2d-4c07-4a40-9fc7-ea669d0b8ade,0.0,0.95
9817cdbb-c6cf-45a8-a437-69da8910914f,1.0,0.95
9904283c-60ee-45d5-8283-f2cdde18e8dc,0.5,0.95
992f6b5d-d64f-4987-a78e-56c7278c6269,0.0,0.95
99844e5a-942e-45c2-8033-3e4782f8c5ab,0.0,0.95
999f054b-8da6-447f-8cca-c4e4bced2cde,0.0,0.95
99a8563d-a6ab-461b-9204-c1b561751134,0.0,0.95
9a059b56-b2bf-41b6-a686-697c70de6a1c,0.0,0.95
9a4daf7c-c297-48d7-af4a-ae919550f0f7,0.0,0.95
9a53e1ca-eaa4-4c6d-991a-fdf03bf1e14a,0.0,0.95
9a87fca2-fc15-4a50-a27e-aada5876ca63,0.0,0.95
9a8c56d4-c455-49f2-b740-9313791cca85,0.0,0.95
9b6936e4-e2c8-4d4e-b01e-03d80a649a78,0.0,0.95
9b6c1f29-3f04-4ed5-afc0-5bb7ac7fcca6,0.0,0.95
9bf0495d-0159-4896-8b28-984b8686b8be,0.0,0.95
9c31c98d-8e5e-4caa-b8d3-9cea4c19e411,0.5,0.95
9c77389f-3326-40c3-bf3e-85023b2f8a19,0.0,0.95
9cca3def-e496-406e-b8e4-663ab5493368,0.0,0.95
9d34de40-b460-4907-8911-1d2c9f2d2f30,1.0,0.95
9d3d9112-9a36-4d79-832e-35d6e32711f8,0.0,0.95
9db33012-ae8b-4e19-94d4-c1aaa5054452,0.0,0.95
9dea8e84-3cdc-46cc-9731-71dd2082528e,0.0,0.95
9e14b06b-370c-480e-90cb-3336eeb0b8a4,0.0,0.95
9e2f04d9-5f0a-497c-9c31-154e52b03104,0.0,0.95
9e58b6fd-ecf6-42ce-ad6d-00cc88179d7e,0.0,0.95
9eb57ef9-a057-436a-9bb6-07338fda719f,0.0,0.95
9ec4083c-e6b8-4566-8164-4d454f2b05ba,1.0,0.95
9fa4c257-1c76-4df1-a8bd-84f96f6a2a78,0.0,0.95
a0382b3b-3566-42e8-a594-8eaf558a1938,0.0,0.95
a042b70e-9859-478d-b522-2f7465a94216,0.0,0.95
a0668e08-dc32-4ea4-9af2-5f0d8988fcb5,0.0,0.95
a11a2165-2294-4d8f-bb68-0e7e043703b5,0.5333333333333333,0.95
a126daa7-c2a8-471f-a231-b5a9df389233,0.5384615384615384,0.8
a1f4afcb-b285-4117-bdfd-9fce65ec1865,0.0,0.95
a24f20e0-e6a9-4142-af5b-bbb4a4f05d7a,1.0,0.95
a2a2ca88-369a-4f0d-9ed5-72d102d9b816,1.0,0.95
a2a537e4-7824-4746-b52e-3a5172ad3793,0.0,0.95
a2f2b6eb-0ab9-4dec-8fc5-78880b6da540,0.0,0.95
a328bb2a-49ae-404e-9e70-166d8a5dc897,1.0,0.95
a32bcac8-29f6-4ae5-a550-e4086027636b,0.0,0.95
a3401185-45a0-46d0-b78d-4833da1a586a,1.0,0.95
a343df01-0d06-4de3-be19-4b710ea64351,0.0,0.95
a3a30c74-650f-4a75-b20d-55a6f823a8fa,1.0,0.95
a3b33e89-7ea1-47f3-8bce-4a8873d04862,0.0,0.95
a3e52020-eed1-40cd-9ad7-b2fa9759fe5d,1.0,0.95
a3f2219c-763d-4e6f-9279-055e9e898a95,0.0,0.95
a3fb5dd5-5036-4508-b11d-e0d658792b7d,0.42857142857142855,0.95
a4105e08-5706-4b5c-bd5f-72ed194935da,0.0,0.95
a443d0aa-095b-4b1d-b594-4870a0bf449b,0.0,0.95
a454b6df-4a8e-45b7-be76-6ab6f966148f,0.0,0.95
a515049c-ca49-4449-b266-ccd00b4f984e,0.0,0.95
a5409180-efec-4ab0-8ad9-ded72348c099,0.0,0.95
a54864bc-0984-4ae7-82b2-dde287e92ce0,0.0,0.95
a5b09710-c38a-4510-ad29-e7a6b51227ad,0.0,0.95
a67c8598-c925-4656-8a82-83f2fee7022a,1.0,0.95
a67e86af-e1d7-46d9-89d4-3a04a4f75a6d,0.0,0.95
a6be7db2-b86d-4538-a9ac-bf48b5ac5a96,0.0,0.95
a709e0de-f669-4473-b051-5b3632cd20b9,0.38461538461538464,0.95
a70ca239-a982-4687-b39c-292da4229aaa,0.0,0.95
a727468b-385d-4d58-a93a-837f338e38db,0.0,0.95
a73e5d6c-581b-44fc-a42d-ef1411892873,0.0,0.95
a754c3c5-3710-46df-badc-0a506dcba847,1.0,0.95
a7be0221-90f5-4bd8-b147-4daafb1f7587,0.0,0.95
a7f79b77-e623-4d57-9186-15bd743dd054,0.0,0.95
a83e1461-ce35-4881-85b6-39268dd6d869,0.0,0.95
a8a53b33-f548-4d06-bcef-2a1df4f247c6,1.0,0.95
a8ca79d7-fa91-4cb2-a5b8-5acbcdb57d57,1.0,0.95
a94a622e-570d-4312-8957-c99d4690aef8,0.0,0.95
aa1d9604-9d80-42a0-b8b2-9014dadcc081,0.0,0.95
aa52139a-cefa-40b6-a616-388cee13fbe7,0.0,0.95
aae1ab6a-d7ac-4cf6-90f1-60bddc4d8d1d,1.0,0.95
ab183a0e-08c4-4dd1-bcb5-843fa31330f7,0.0,0.95
ab548acf-7733-4a90-8c06-09a63fc87f0c,0.0,0.95
ab555b7c-b281-403d-9ddb-c11309c99f00,0.0,0.95
ab9fc5ff-6b09-4c7e-9524-6d6a1714d804,1.0,0.95
abcdd6d8-3b6b-4a5e-8140-c7c1d6fb464c,0.0,0.95
acda4df2-1e75-4501-ba18-88d1c388ccad,1.0,0.95
acf8dd16-fb30-4301-9a46-17813b543567,0.0,0.95
ad1bee32-f537-48b7-b22b-af93f998eb7f,0.0,0.95
ad21aae6-efd7-4bd9-be71-21ad0279b6e8,0.5,0.95
ad555f68-f46f-4620-97e9-b9d73eb44d94,0.0,0.95
ad7f9620-754e-480c-8fc8-f935cbe5c681,1.0,0.95
adbdab9f-6e90-452a-ae74-1918e963eb78,0.0,0.95
add73583-2cbb-4ded-af6e-134c526e06e8,0.0,0.95
adfb8833-c68d-4fe3-80cc-3481d76eac34,0.0,0.95
ae3bc7be-e3f0-47ed-83e8-7e4bfd3096b4,1.0,0.95
ae401f55-2fa3-4f5d-a97a-8ada6df232dc,0.0,0.95
ae53cbee-d9b6-4e19-aa11-cba6be4bfb56,0.0,0.95
ae6dd874-f04a-445a-b5c9-c6e2067026c3,0.0,0.95
aeb6c788-0400-4462-bdcd-ede2ad770df2,0.0,0.95
aec886c7-3921-471a-a001-ef82c69322b9,0.0,0.95
aecf9e75-a522-443a-ac7a-2547406b0f25,0.0,0.95
aee2f0e1-66c8-42e5-9ebe-74bea823dbe4,1.0,0.95
af036e4b-a4a8-4b42-8963-7d2bdefea984,0.0,0.95
af8bfc31-0504-4f40-85ce-893cacd938fe,0.3333333333333333,0.95
afdaf8d0-4afa-4077-9b1c-a873cf0bb6f5,0.0,0.95
aff7a134-8cb4-48d5-a23e-9533580ac2a1,1.0,0.95
b0b21d4c-b84d-4b30-a3be-d7740aa82407,0.0,0.95
b0dd2d05-80ed-4b5f-abb8-599b44116f9c,0.0,0.95
b1a9a74f-932f-4b56-8be4-c48a727c78f6,0.0,0.95
b1b0df10-41aa-4320-9fd1-4e19de5dfe38,0.0,0.95
b1f3957f-3b1c-4f1c-adaf-c97e000ab0ac,0.0,0.95
b256f3dd-0613-45e9-8d1d-4c3cf3156e56,0.0,0.95
b285212f-a314-4051-8515-a8a6579af38e,0.0,0.95
b2ac749f-2f5a-4222-8bbc-3cc23684748a,0.0,0.95
b2b50148-a91a-4aa9-9936-13ae0212afa9,0.0,0.95
b36f6dcd-2b47-43e2-862d-a592ff666755,0.0,0.95
b39e96a0-ef2b-4844-b382-74541d77ebb9,0.0,0.95
b3d098ac-de43-4010-a800-265ff8eb6100,0.0,0.95
b407e01f-cfaf-4321-b0a5-d24c1eba7c02,0.0,0.95
b41d42c3-cc77-4a1d-a2a2-42473353154b,0.0,0.95
b47566cb-e596-4d53-b0d8-0fbc91086a40,0.0,0.95
b480eaa5-f5b4-42d9-91d1-10813821be26,1.0,0.95
b49f910e-b586-41ee-aca0-453440dd27a7,0.0,0.95
b4d406cf-4840-46f5-bf40-feff8959e352,0.0,0.95
b4dc5b10-047e-4c51-bb4e-a6b0d1b53114,0.0,0.95
b4f48d89-529c-4f00-9c82-10551442a653,0.0,0.9
b4fdf4bf-88ec-4177-aaf1-d83038c503a7,1.0,0.95
b50783f1-4546-4d46-ace5-f0f7c1ceae77,0.0,0.95
b55d699c-6ab9-4ecb-b641-c0b039bb461c,1.0,0.95
b561c994-2403-40e7-a6d6-7810edc5081c,0.0,0.95
b57617e7-9a6e-4314-9940-802a44b02427,0.2,0.95
b5b9910d-b276-4870-ad45-4de27fc21675,0.0,0.95
b6178f78-9410-4dac-b9b8-fab7caa9f698,0.0,0.95
b63f1ae9-8a7b-41b5-9dd0-8259f303f19d,0.0,0.95
b658584c-6b77-4564-b427-268bf5a0edee,0.0,0.95
b66f6192-cc9b-42fc-876a-4cf8cfd4d551,0.0,0.95
b69ceea5-f215-4b7f-9e92-6c112e0e99be,1.0,0.95
b72ee758-1572-4a15-ac01-b0a05f6337f0,1.0,0.95
b76d479e-a61c-41b5-9bae-944f2313317d,0.0,0.95
b7ae82a2-dcd1-471f-bbed-a645a115e796,0.0,0.95
b7e3c166-915b-47ff-b015-4f66711001b0,0.25,0.95
b7f9a57d-50d5-4222-8336-25e38eae0f62,0.0,0.95
b8059430-82d7-4f4d-80b1-e4afc0d47e30,0.0,0.95
b8192f7c-1bb0-4aaf-9c0f-0ac04db5fe81,0.0,0.95
b8381cff-2244-4d24-b6c4-8739e8880049,0.0,0.95
b85fb06f-df62-4539-b299-6494a2e67277,0.0,0.95
b895a9f7-f22c-4361-83bf-37467fc71318,0.0,0.95
b896ea0f-95b8-4f20-8c63-925165984954,1.0,0.95
b8b3ea15-8d47-4edf-95ef-5d827d79f4a3,0.25,0.95
b8e919e4-6e2b-4406-a9cf-42a21fe1161a,0.0,0.95
b9444d09-c8db-4ccb-9d5b-614e09f90747,0.0,0.95
b9579fc3-2a62-4080-8562-1da36c687cb3,0.0,0.95
b97ce8bc-c1d4-4209-8b8b-41eb4ab8208a,0.0,0.95
b97fc457-281e-4ef4-96ca-e71f5c2df3e7,0.0,0.95
b9993521-3ef6-46f2-8f17-c9d0929ee7c3,1.0,0.95
b9a8c7b6-05cd-4b92-b6ac-9570245e0f0b,1.0,0.95
b9b50ae8-1c27-4f8c-8957-f4185fe1335c,0.0,0.95
b9b87fa0-467f-4800-803f-1305b9cb1d09,0.0,0.95
b9ff8597-0301-4848-a198-2042077928b1,0.0,0.95
ba3508a7-804c-4c7f-8347-16d52ed86cca,0.0,0.95
ba5c0a6a-2a54-4ea1-9919-f54a0e0f2aaf,0.0,0.95
ba82f357-5c0c-40b5-ba0c-03b6149bf12a,0.0,0.95
ba990cfa-7bfa-4d01-a170-40ad1d6ad088,1.0,0.95
baf1302e-0a5b-4a33-9d28-9fda0b61b192,1.0,0.95
baf2cb40-4713-4179-bc9d-f27e39261109,0.0,0.95
bb2f5c06-420f-4f7c-922b-2f2da8818f0e,1.0,0.95
bb7b7c2c-d738-4042-a94b-bfea4e502b45,0.0,0.95
bb902801-304b-4bba-bb09-cc4db04d21ca,0.0,0.95
bbfe55f2-0c52-4ffc-b459-41d81a9bef6e,0.0,0.9
bc6c09dc-4497-4bcb-8192-9e9445222c4e,0.3333333333333333,0.95
bc8710ca-b1a6-486f-81e3-32a025b3083d,0.0,0.95
bc8b05bd-6a6c-4f74-9ee5-3675a9e88999,0.0,0.75
bcf6f58a-5341-4065-99db-70c230addf9a,0.0,0.95
bd356273-0670-4b2c-a9c9-ddb57831e0b9,0.0,0.95
bd5485de-3f8e-4aa9-b055-c844abd6fea7,0.0,0.95
bd5a0c1b-247b-4e42-800c-b495db6607e9,0.0,0.95
bdd5b83b-bc6c-4d9e-b7ed-9d0bf3dc8f9f,0.0,0.95
be4f15f4-311b-4aa2-b926-4a9ed36193f3,1.0,0.95
be64e694-1e8f-47c5-823f-575f0f441209,1.0,0.95
be67b631-bd6e-491d-ae46-4136b05b0908,0.0,0.95
be6b4672-cd30-4b62-a42c-f9a9bfc4f38b,0.0,0.95
be7fe597-861c-47ac-868b-e0ca40037a75,0.0,0.95
bed63621-b67f-445c-a5b7-68bac059730b,0.0,0.95
bf0fadcc-8ee2-4341-8cf4-682cb73e66ec,0.0,0.95
bf53de6e-94ef-4653-89b2-ea2801b6db5f,0.0,0.95
bf5904cc-defa-434e-98a5-b7fe9f2d0487,0.25,0.95
bfbcdd35-5bf4-4fcb-ae88-003c64150fe0,0.0,0.95
c02f02c0-acd0-465d-8be8-051763656380,0.0,0.95
c03393c5-581a-4680-8795-cbb812edb3fa,0.0,0.95
c041b5fb-c0c6-44c5-bae7-1bbc3eee8682,0.0,0.95
c064752d-c7ce-42f3-9c4f-e04300b0b0aa,0.0,0.95
c068adb5-ced2-4edb-b579-b92fcd69f068,1.0,0.95
c0782dcc-983c-4899-be71-bc90df7b6deb,1.0,0.95
c0c1a7ec-ae23-4870-981d-876a47edd1f9,1.0,0.95
c163a912-6ce5-440c-a302-670e6caf535a,0.0,0.95
c1d966d2-ddab-4304-b3a6-c2bc31dcbd9c,0.0,0.95
c21c119a-59c6-4b8b-9f8c-2de189b31194,0.0,0.95
c2265e75-778f-407d-8f2b-59835b3075cc,0.0,0.95
c265ade7-57e9-44dd-a25a-690a4acf2e2e,1.0,0.95
c28ddf18-7135-4bc5-b3fa-819e44c18a11,0.0,0.95
c29ca266-b31f-4b3f-a71d-44a2c6838701,0.0,0.95
c2c1739c-12ca-43b6-95cb-63df07849650,0.0,0.95
c31c88e9-930d-4fce-ad3f-b14138e8d788,0.0,0.95
c36eac06-33f3-444b-8043-7ec81a9cebe6,0.0,0.95
c36f3f75-8ca6-4ea9-a2bf-ea605a1f0125,0.0,0.95
c379dd2d-0632-4fca-ac3e-abf3e907b18a,1.0,0.95
c3bcbb5a-40bf-4311-9f24-d01711f83188,0.0,0.95
c3dbbcd6-93bd-43f5-98d0-474c5d676f97,0.0,0.95
c4018b6b-c75e-4b66-a79b-187877a294da,0.0,0.95
c450fa57-abef-4ddc-8d68-58c069703bfd,0.0,0.95
c466674c-c396-43a0-833e-71facece3878,0.0,0.95
c468e20a-2929-4528-ad52-2786c3440d9f,0.0,0.95
c47903af-dcc9-4d5c-ab85-dd86e27207c6,1.0,0.95
c4be8121-8850-41e8-bb1c-30ab23f76576,0.0,0.95
c4de2c88-7353-4d96-a09a-d63d056e322b,0.0,0.95
c4f0c1c8-92fd-4f95-9981-85120f93a791,0.3333333333333333,0.95
c4f12cf9-fcc3-459a-b4f6-4afb572335f7,0.0,0.95
c4f3b370-55c5-4ec9-b9d6-4a35f2c29f53,0.0,0.95
c5147bef-b5a3-4ba4-b8c6-b388819473d3,0.0,0.95
c52a19d5-8396-4bfa-89a7-18f9067f28b5,0.0,0.95
c54ff80b-b0fa-4bd4-8f5a-3ce0f3781931,0.0,0.95
c6110988-e7b6-40d6-9653-8c43f7f3e4c2,0.0,0.8
c61160d1-cb6f-4cff-a8e8-96f7b4ce8e56,0.0,0.95
c619c1b6-9c4b-4b24-8352-9cbc751f838b,0.0,0.95
c6669028-d3b8-499f-81e4-9a757fbd8b1a,0.0,0.95
c68f62a0-adfb-4837-a96c-caa7abdd4384,0.0,0.95
c72c1d2f-6c02-4c09-8d4f-b3854b1fa6b7,0.0,0.95
c73a897f-db73-4207-a70d-4ed727e5032e,0.0,0.95
c7f622cd-2fc7-4fd8-a90d-54dc3fada8e9,0.0,0.95
c8845ba8-0cd6-4f7c-bd5d-2e726adc0a01,0.0,0.95
c94f6072-f6fb-4a90-99c2-f762458d0e0d,0.0,0.95
c972f8be-8ab2-419b-a8e5-22d6abd799d7,0.0,0.95
c98786c4-57b1-42cf-b77e-00c7f92ac10d,0.0,0.95
c99956d3-ce51-47c1-8a58-c7447f017d0e,0.0,0.95
c9b492fa-5ee6-4e69-938f-673053821ba9,1.0,0.95
c9c98303-5cd1-413b-be97-891ffc064c11,0.0,0.95
c9d6ab75-d384-4e0e-aff8-3983424a84bd,0.0,0.95
ca189a4e-41f0-4d9b-8e37-c595bbe8dc4e,0.0,0.95
ca1bd9e1-190c-49d2-b9cc-14e01e9335f9,0.0,0.95
ca1e4088-fe18-45a0-a53b-1b0f133e312d,0.5,0.95
ca343eca-210c-4df9-895d-e7e1b39ce44f,0.3333333333333333,0.95
ca64e47f-878a-4268-a0d6-6a083f0be7f4,0.0,0.95
cab58cb5-c2d7-4a70-9078-267ccd1ca044,0.5714285714285714,0.95
cab8b37c-011c-423a-b2fd-6462c2d8de18,1.0,0.95
cab8b749-a720-4467-b40b-5bb9cdec36f0,1.0,0.95
cad6ad63-a618-4e20-ac31-af1be7c756fd,0.0,0.95
cadcc6db-6c96-4da9-b217-a95fa93ea908,1.0,0.95
cb1f3e8d-ffcf-4fb4-9bfc-eff371c51eb7,0.0,0.95
cb9cc90f-03a4-437c-bc14-f12e2a6cab8a,0.0,0.95
cbc1358e-21be-4d92-957f-c7146c19e6ff,0.0,0.95
cbcf9fd1-5c77-45c7-a883-55d4e2b854e3,0.0,0.95
cc24332b-a4ee-4831-87ab-276f1219fbde,0.0,0.95
cc767900-fdc5-437b-92af-a314b1cdac16,0.0,0.95
cce8691b-8de9-4f59-9b6d-ccfdf61285d5,0.0,0.95
cde59cd8-417d-409c-8d3f-9de5811c6214,0.0,0.95
cdf2016a-a567-469e-ae6c-bf0289412749,0.0,0.95
ce29d779-18c9-44ac-ae84-d991e89066ff,0.0,0.95
cebaeedf-1246-4b32-8e56-2102cc809681,0.0,0.95
cec75473-b4c1-4551-af8b-d7669579efcc,0.0,0.95
cf14f3d2-529e-4de7-ba3f-00007c4afe8b,0.0,0.95
cf2b6dd8-2d46-42eb-8f9f-7a8c9ec04081,0.0,0.95
cf4e4738-7bb9-4c2a-8b6c-567ec41d4dc4,1.0,0.95
cf78ebd8-5b1b-4b2f-9f47-8d23dca52694,0.0,0.95
cf81593c-dc8e-4b4a-9525-db5cda7da2d3,0.0,0.95
d0102612-7a63-4215-971d-f321b8cf9a12,0.0,0.95
d04925f2-a352-4717-a63b-e53552465976,0.0,0.95
d068f214-a5d1-444c-9921-51a2878f9c7c,0.0,0.95
d1053958-1eec-409f-af09-875a6a912453,0.0,0.95
d10931bc-1831-428a-86d4-d77cee5c94e0,0.0,0.95
d15c919c-7ac4-4670-b272-a02390b69172,0.0,0.95
d1967d80-4d4b-46a4-a4e4-218367ecfd10,0.3333333333333333,0.95
d1a27986-4f77-4c90-abe5-51260ca81a8c,0.0,0.7
d1af0679-8248-4057-bf79-13d21daa0cfb,0.0,0.95
d1d9dc49-c8ee-4802-b0d1-dbbe6da75d8b,0.0,0.95
d2210325-2c97-4355-9cc3-baaaa6c63693,0.0,0.95
d22dc5a2-eda9-41d7-96f8-aaa8bf443d09,1.0,0.95
d26a8000-c70d-420a-9a14-6dffd8bdcd74,1.0,0.95
d2df1fe0-4b22-4966-8aa6-d7b482d9ec43,0.0,0.95
d3153b88-45de-4f27-b521-8a7ba38a9d49,0.0,0.95
d3392b3c-b7a7-4035-b7a7-5a8fac9004e9,0.0,0.95
d34cedf3-6abf-4768-9960-7c8e2b6fe82d,0.0,0.95
d36cc31e-2bfa-4647-83fb-3a1f3b237c62,0.0,0.95
d400b6b3-3ec9-4f74-a306-336888616b49,0.0,0.95
d4014842-709f-4756-aba6-9a710d3912d0,0.0,0.9
d48bb8e2-bf83-4f4e-86e3-68fca7554425,0.0,0.95
d4b3b47a-aa26-4a62-99d5-b63dcca9f8d0,1.0,0.95
d4eefb18-a44b-4fba-9c2a-b93d4aac1e99,1.0,0.95
d53c2840-2c2c-4e8d-8f50-18896bf6e2f6,0.5,0.95
d56e47d9-2556-498b-9c77-36889ab7ec0f,1.0,0.95
d59cbb12-490c-4cbe-bd7f-da5eff2f0328,0.0,0.95
d5b20993-37f6-4f89-8c23-0b3bf0797f73,0.0,0.95
d62a2173-19be-44dd-9025-1140f05a5536,0.0,0.95
d674fbff-0c3e-4460-ba18-daf17f6f1029,0.0,0.95
d746468c-594d-4a3e-8115-4d8ea8d0ae9a,0.0,0.95
d79a8006-edd3-4c9b-9d9e-74111dd42852,0.0,0.95
d7d1ab5a-b7b9-4239-9419-d49d961815a9,0.0,0.95
d8342f1b-3408-47f2-b4df-798e6a2a4364,0.0,0.95
d8810ab1-5570-461f-96b4-fc9ec26dbfea,0.0,0.95
d8d51fca-2f42-4ee3-812a-deb54c927b4d,0.0,0.7
d8e8691b-1a3e-4aeb-9cac-7527fa4dbfe3,1.0,0.95
d8eb44ec-2cdd-4a33-8cc2-bbee16d693d7,1.0,0.95
d93968dd-bc33-43e1-8f4e-ca871e4ddee1,1.0,0.95
d97f1062-788b-4a63-806a-81ae01415181,0.0,0.95
d9890bb6-9a97-408d-9721-6ab011d83be8,0.0,0.95
d9aadb4e-e621-4a44-9bd9-4e438156ce72,0.0,0.95
d9b712f4-404b-476b-838e-c1665057d435,0.0,0.95
d9beba09-8e34-4cfd-9c81-d7f332b41eb7,0.0,0.95
d9de8c1c-b270-43ed-9e66-d6e325fe7fa7,0.0,0.95
d9f4cdef-285a-4287-8aa9-5e779712e072,1.0,0.95
d9fe1da5-d477-4d42-be85-5115443b2c46,0.0,0.95
da52d53e-cb2e-4fbd-8567-ff26b0dcea3e,1.0,0.95
da6a31ba-d376-4bbc-bdcf-a54ba1be7fd7,0.0,0.95
da6c8d17-ffe4-4cd9-8b16-9891e532feb0,1.0,0.95
da8bf57f-f859-48ac-94f9-d662a93088d3,0.0,0.95
db0080e4-3be3-4841-b7aa-f282b26d0e33,0.0,0.95
db4e643d-dea8-45ec-854e-20761b078df9,0.0,0.95
db885e55-cd23-493d-b29e-8289febdaee7,0.0,0.95
db9fae96-e05b-4280-bc13-bd47f4c43b27,0.0,0.95
dbc36314-bed8-484c-aa19-dea50d6f5f5e,0.0,0.95
dbcb9d29-f6de-42ce-98eb-be6b6ab1b180,0.5833333333333334,0.95
dc27646b-6d7c-4cd7-8676-6c44df62197c,1.0,0.95
dc58df8f-c758-48b0-9bd2-4415fa956057,0.0,0.95
dc62c818-b09b-46b1-9275-00d232b372a0,0.0,0.95
dc7c4519-8e87-471b-974f-83f30cb53718,0.0,0.95
dcc0fbfe-bc71-47bf-893f-2408ddee21c4,0.0,0.95
dd79d4b5-c415-4a3f-8931-d4bba13117bd,0.0,0.95
dd7ed638-702f-429f-a901-cdbddcba36dc,0.0,0.95
ddc0ea17-06ec-4d4e-9e04-e6a21b104405,0.0,0.95
dde10d39-3210-4e16-9c5e-0d733affb380,0.0,0.95
de162d74-a62a-4d53-9846-c5379f62b242,0.0,0.95
de51df3c-b1f4-4327-8858-142ac41b1424,0.0,0.95
de80efab-9f8b-483e-a85e-93a70123458e,0.0,0.95
df1082e8-f242-4212-b831-06de41c1318c,0.0,0.95
df189056-049d-4510-8b1f-5138b370b593,0.0,0.95
df202fbb-9a52-4f75-9d04-24834884ec3b,0.0,0.95
df2ec646-4120-41e0-b9c7-61ac78460a48,0.0,0.95
df590dac-804c-482b-9209-d8ef029bbf53,1.0,0.95
dfc7ae50-5612-419c-937c-e326d7090dc0,0.0,0.95
dfe8179e-75d7-42ad-ae6b-7b91095156b9,0.0,0.95
e0022000-c6c5-4571-85fb-65a77b973f77,0.0,0.95
e00a51bb-a12a-4887-a136-e3c4bb543dfa,1.0,0.95
e01baa0d-e062-4c8d-b121-a47251ca5228,0.0,0.95
e0394eb1-4566-4448-b401-3dd254d711e1,0.0,0.95
e0be045b-be6a-4570-9aee-b38479b43044,0.0,0.95
e0c89317-ee4d-4d86-9b1c-7e75e647bedd,0.0,0.95
e0f73c07-80ba-47c6-987d-6862288db5b1,0.0,0.95
e1020995-8b64-4644-bd88-e8f6267552e9,1.0,0.95
e15cc1a8-4027-4bce-b6b7-ad34d85a4c48,0.0,0.95
e1653f73-fd04-4783-b02b-30b5d5a15da8,0.0,0.95
e1f266e5-0d54-40b4-94ce-91074db13aa0,0.0,0.95
e208b146-ae58-47d1-a263-61d16a24b560,1.0,0.95
e23bb0be-9eba-4ed1-9ba6-9164ed251407,0.0,0.95
e23d5c87-5bb4-4db4-a3a0-eecc3ce51c42,0.0,0.95
e258051a-9bf0-465e-b909-2fc3d577c7f9,0.0,0.95
e2e1abab-0465-4c49-a7b0-84fc3258ad99,0.0,0.95
e394e81f-b2b0-410f-b9cc-f80329d443e4,0.0,0.95
e398a27f-1115-4a80-b56a-8c78269be641,0.0,0.95
e3d6e319-c6db-4110-a34b-febaf86b02af,0.0,0.95
e402ca07-c4b6-4e5b-9f5f-f179d51e5970,0.0,0.95
e424fd11-7cfb-4267-b346-63c2cae4f80b,0.0,0.75
e4aa4f8a-5458-4ad0-8f9d-42471303ca2f,0.0,0.95
e4b5ac74-f584-4011-9ce7-0fda01d0bae7,0.0,0.95
e6044fb3-7439-4b9b-ac2a-03cf3c8bf858,1.0,0.95
e6159e3d-69b4-463c-82af-83f9c71987ce,0.0,0.95
e676c5bb-9ad0-49f6-84b4-30e5f4d1bb38,0.0,0.95
e68a9456-b32b-4188-a7fb-5a6c544876e8,0.0,0.95
e6aeb32a-3572-4fef-b95a-c4ee0e2849cf,0.0,0.95
e6c2c7be-b040-4e14-94dc-61bf101d89b6,0.0,0.95
e71de75f-5757-4c14-8412-f4dc3db568f2,0.0,0.95
e75d8299-9f49-4c22-952b-011fa87648ac,0.0,0.95
e77f08d8-3704-47c4-92d2-cc049d802f66,0.0,0.95
e7b93a6c-ab06-48b6-9a8e-7cb9e4d89436,0.0,0.95
e7c228ff-e335-486b-97a0-92e560adc91d,0.0,0.95
e7d068db-28d3-485a-b5f4-af4770b40496,0.0,0.95
e84d262e-749d-4358-94ec-1716c3aa1cd2,0.0,0.95
e89a85cf-caa5-48ae-9a4a-434c7738cc38,0.0,0.95
e8ba1e63-12bd-459c-b939-3d495bd670a8,0.6666666666666666,0.95
e8d3e779-7693-42c1-a1ca-e45de94e3595,0.0,0.95
e91ed2b3-8fdc-4eef-8f46-2b4f14914738,0.5,0.95
e95a813e-9199-4396-bc91-67193675cbd2,0.0,0.95
e98c5b98-4538-47ec-a131-6681bdb3a5c1,1.0,0.95
e9b1cfa5-a606-42e3-9124-2d4d30eaec6c,0.0,0.95
ea8164d6-d2fe-424e-8bf1-d233b3dccd92,0.0,0.95
eaec909f-2fd7-4a76-bab5-17300526f00d,0.0,0.95
eb6d29d5-67d0-4913-b8c1-b1ca17ee9667,0.0,0.95
eba006d8-45f8-4539-a4ee-f3c5f1350af5,0.0,0.95
ebaeb143-4115-43bb-a3a7-5af8d9232310,0.0,0.95
ebfef89c-d5c7-4632-a288-dc5f45667c01,0.0,0.95
ec0a96be-9e39-41fa-9cc4-04e4427b78cb,0.0,0.95
ec135a3e-ef4e-4d6e-abef-2c08698353b9,0.0,0.95
ec5c7c91-af11-4e57-ab81-3fc50f85d0ce,0.0,0.95
ec789594-44c1-4c10-85d5-0072ad448033,0.5,0.95
ec7b9899-36c4-43cf-b017-bbbe2b89c8c2,0.0,0.95
ec81978c-6958-46be-8c68-b65b0212d0f6,0.0,0.95
ec9dd457-ab60-4251-ac7d-a0fc79cda993,0.0,0.95
eca70eb1-12dd-43e0-bf8e-003ee9d5d590,0.0,0.95
ecb34c25-aae9-4350-b3c2-db26579b3a62,0.5454545454545454,0.95
ecc0b72a-5298-4287-8e03-c996149917da,0.0,0.95
ecd035ba-74ab-489d-bc89-3930df37d344,0.0,0.95
ed0b54c0-0c32-476b-af94-a344f1041708,0.0,0.95
ed360bf4-6c72-4bc2-85dc-e90638893462,0.0,0.95
eda8b651-6d74-48bf-8938-0bac4193d308,1.0,0.95
ede5b1e7-05d3-472f-a912-d4ab39f4ddad,0.0,0.85
ee8de4d9-9f31-40db-a059-b095b3da6874,0.0,0.95
eec42f73-62ed-4197-b40b-f01966e63367,1.0,0.95
eee4645b-ea2d-41cc-8129-dafc390f6937,0.0,0.95
ef4fe762-2359-4fbc-9227-2bdc8f7132c8,0.0,0.95
ef5611a9-f3cd-4b0b-8e27-0679583b5dec,0.0,0.95
ef66ba50-38b5-47cc-aeda-14221928696b,0.0,0.95
efd8c262-6cf4-42e9-ba00-f745bc19ad93,0.0,0.95
efe6bfac-4690-460f-b643-8729962ef8a3,0.0,0.95
f01b2862-dce9-43fe-b91a-013efcf0bc3a,0.0,0.95
f06805d7-6bca-4a46-ace0-67f0636ca3e5,0.0,0.95
f0987324-48d0-4a5f-bd15-d452f0dbd744,0.0,0.95
f0ba7f34-6818-4f5a-8d45-a79a47a30df7,0.0,0.95
f12f1f2b-437d-4486-a69d-d6770efd710e,0.0,0.95
f1365093-ce15-4f81-a7a0-6f826593588c,0.3333333333333333,0.95
f13fd5e8-fe19-4701-a745-aa25c22aaf12,0.0,0.95
f18c079c-32b9-4cb8-ad87-cca0aa6c002a,0.0,0.95
f1a67e10-9770-4621-95ed-68ab0e921f4e,0.0,0.95
f1ddd818-2b85-466e-988a-ae28ff2934b5,0.0,0.95
f1ea49e0-0616-4c7c-80ec-88d0ab3fb9cf,0.0,0.9
f1ebdd97-f39b-4bdb-805a-2dd0ffd98f6a,1.0,0.95
f1f526e4-52b2-478d-aff0-024f0861241b,0.0,0.95
f1f8b2d0-2884-42e5-949d-704122ad0970,0.0,0.95
f1fa9f85-9d94-496b-aa92-23452f4d59b2,0.0,0.95
f20629fa-cdde-477d-aa58-89f07941b719,0.0,0.95
f230b911-6f16-4fea-bbb9-b60c192e1a8e,0.0,0.95
f24df7d0-72ba-4abf-a001-b9d5b76c2901,0.0,0.95
f2678d38-a183-4efc-9613-09d73ca1f044,0.0,0.95
f28307cc-3d2e-4143-8275-d59c5c5dd3a3,0.0,0.95
f2dfa5ae-fdbe-47b4-adfb-732dbaf89f3c,0.0,0.95
f31684f5-db81-4667-a7d9-e539145c8b7f,0.0,0.95
f319124e-8884-4715-89a8-7f028b907651,0.0,0.95
f3abaefd-d6e2-4139-9012-2b5875865a6f,0.0,0.95
f3c820a7-0dbf-48d1-8dca-b39780767e85,0.0,0.95
f3e38579-217d-4b86-9f00-093d3d84e98e,0.0,0.95
f45606b9-6c1f-4ed3-9ade-2d6e024b9bc9,0.0,0.95
f4bf30ed-ccf6-4778-a893-eafc69d57702,0.0,0.95
f4c1b0ae-7a0d-4901-8c25-af2618267b95,0.0,0.95
f588bf95-c721-46f2-b54a-e2101834f3ae,1.0,0.95
f5ccabd5-ef9e-4ef7-8f40-bf97062f84c9,0.0,0.95
f5f5462d-07fb-4369-af1a-880251f11831,0.0,0.95
f63bb6f5-afbd-4f7c-8f9d-42407e716aba,0.0,0.95
f66d753f-e30f-4fc9-9798-9dd5195901f0,0.0,0.95
f6b6b264-28dd-4c63-9b39-7cbc65d530cb,0.0,0.95
f6e89e25-7e06-4f1f-ae93-c50aea5cc77f,0.0,0.95
f72a2d98-3528-43b7-a533-70a6d565a1b1,0.0,0.95
f756a377-8a61-425f-bcda-8c2149a5c25b,0.0,0.95
f796edf1-4b54-4196-829f-fb96e0d6bc37,0.0,0.95
f7da02fc-5add-4380-ba41-d3d916a616f2,0.0,0.95
f857a619-9353-4e50-bfb9-e03a06906e8a,0.0,0.95
f88acc90-2f2e-4b2a-b4ae-7c33448b4bf4,1.0,0.95
f8baad49-0485-46f8-8adf-40cc3816dd4c,0.0,0.95
f8cdfddf-9cf6-47a0-9325-02b2b957f3a4,0.0,0.95
f9041c80-5d87-4608-86d7-e2ab78d7b17f,0.0,0.95
f90b92cb-a0de-40c1-bedb-1e720b33fbc3,0.0,0.95
f917122b-df39-4912-b2bc-dd645a6b397e,0.0,0.8
f985fa77-3155-4224-aa1d-d2e8f3b440ff,0.0,0.95
f9be7658-12de-4c96-9fe6-4964c315c4dd,0.0,0.95
f9dfb316-0332-4f5e-ac32-f930d171a66d,1.0,0.95
f9fb1f53-7ca8-4270-8e06-7bbd587e4f83,0.0,0.95
fa324236-1591-4f69-a456-5bb0e4fbe09f,1.0,0.95
fa3aada7-7a6e-4980-b303-4159aa3566dc,0.7,0.95
fac7a10b-10bf-442b-8720-ca2ec1d01150,1.0,0.95
faf61a9c-5ff2-4989-a211-3c7e67417e42,0.0,0.95
faf7fc36-58a8-4e2d-8409-0aa07e6e3f20,0.0,0.95
fb03883a-c194-4b6c-b8ee-44625870dc84,0.0,0.95
fb4c3422-a0a4-409f-99d7-cad7cbfafb58,0.0,0.95
fbd8363b-f284-4672-a575-b8ebbb655eaf,1.0,0.95
fbea0ee3-a3e6-4766-a9d8-a6460a536eb5,0.0,0.95
fc5c3093-35f3-410f-b9c6-994b15894c82,0.0,0.95
fcfc4d7e-7051-46c5-9d1d-c10b8af6f19a,0.09090909090909091,0.95
fd585f26-8c6e-486e-9b6f-d3b768dd455e,0.0,0.95
fd911139-a7be-44a1-9f85-f9b29ebd00f3,0.0,0.95
fd9469cb-8b12-49b5-9eff-78d8b1313864,0.0,0.95
fd977403-6339-4364-a644-50c9492ea449,0.0,0.95
fdd2bef6-de6d-4bf0-b070-c7645bcc5f3a,0.0,0.95
fdf6687c-6d21-40a0-8f01-241dd59eb4b7,0.0,0.95
fe442040-187a-4836-9fcf-711b94c499b0,0.0,0.95
fe4456cb-9e4d-42e5-90e7-59b4ba93d524,0.0,0.95
fe89563b-fb5e-4f4c-be84-42b000cf3332,0.0,0.95
feacc88b-0b9e-4302-a542-51c5b2a97563,0.0,0.95
fee4e9ab-e8df-495b-9d77-d1efc3041be8,0.0,0.95
ffbb104d-54d5-42c3-a6a7-0e5b6c060ff4,0.0,0.95
ffeb80c5-0461-40d9-92b7-0e4f307ade56,0.0,0.95
