fact,rho,s_del,s_surv,margin,r_f
zsre-5,0.85,0.8721569180488586,,,False
zsre-6,0.85,,,,False
zsre-7,0.85,,,,False
zsre-8,0.85,,,,False
zsre-9,0.85,,,,False
zsre-12,0.85,,,,True
zsre-13,0.85,0.8829222917556763,,,True
zsre-14,0.85,,,,True
zsre-15,0.85,,,,True
zsre-17,0.85,,,,True
zsre-23,0.85,0.855690598487854,,,True
zsre-24,0.85,0.8770474195480347,,,True
zsre-25,0.85,,,,False
zsre-27,0.85,,,,False
zsre-28,0.85,,,,False
zsre-29,0.85,,,,False
zsre-30,0.85,0.860994815826416,,,False
zsre-32,0.85,,,,False
zsre-34,0.85,,,,False
zsre-39,0.85,,,,False
zsre-44,0.85,,,,False
zsre-45,0.85,,,,False
zsre-47,0.85,,,,False
zsre-53,0.85,,,,False
zsre-57,0.85,,,,False
zsre-64,0.85,0.9165670871734619,,,False
zsre-75,0.85,,,,False
zsre-76,0.85,,,,False
zsre-78,0.85,,,,False
zsre-79,0.85,,,,False
zsre-83,0.85,,,,False
zsre-85,0.85,,,,False
zsre-89,0.85,,,,False
zsre-100,0.85,,,,False
zsre-113,0.85,,,,False
zsre-114,0.85,,,,False
zsre-115,0.85,,,,False
zsre-116,0.85,,,,False
zsre-123,0.85,0.8606624603271484,,,False
zsre-125,0.85,0.9134345054626465,,,False
zsre-126,0.85,,,,False
zsre-132,0.85,,,,False
zsre-146,0.85,,,,False
zsre-147,0.85,,,,False
zsre-158,0.85,0.9080520868301392,,,False
zsre-159,0.85,,,,False
zsre-160,0.85,,,,True
zsre-162,0.85,,,,False
zsre-163,0.85,,,,False
zsre-168,0.85,,,,False
zsre-180,0.85,,,,False
zsre-181,0.85,,,,False
zsre-184,0.85,,,,False
zsre-190,0.85,,,,False
zsre-192,0.85,,,,False
zsre-214,0.85,,,,False
zsre-215,0.85,,,,False
zsre-216,0.85,0.8644151091575623,,,False
zsre-220,0.85,,,,False
zsre-223,0.85,,,,False
zsre-224,0.85,,,,False
zsre-226,0.85,,,,False
zsre-228,0.85,,,,False
zsre-229,0.85,0.8721259832382202,,,False
zsre-230,0.85,,,,False
zsre-237,0.85,,,,False
zsre-238,0.85,,,,False
zsre-239,0.85,,,,False
zsre-265,0.85,,,,False
zsre-270,0.85,,,,False
zsre-271,0.85,,,,False
zsre-272,0.85,,,,False
zsre-273,0.85,,,,False
zsre-288,0.85,0.8929919004440308,,,False
zsre-300,0.85,,,,False
zsre-301,0.85,,,,False
zsre-312,0.85,,,,False
zsre-324,0.85,,,,False
zsre-326,0.85,,,,True
zsre-330,0.85,,,,False
zsre-333,0.85,,,,False
zsre-334,0.85,0.8954166173934937,,,False
zsre-335,0.85,0.8942099809646606,,,False
zsre-342,0.85,,,,True
zsre-343,0.85,0.9148266315460205,,,True
zsre-362,0.85,0.8755145072937012,,,False
zsre-365,0.85,,,,False
zsre-372,0.85,,,,False
zsre-379,0.85,0.8551557064056396,,,True
zsre-380,0.85,,,,False
zsre-385,0.85,0.8884274363517761,,,False
zsre-388,0.85,0.9186136722564697,,,False
zsre-389,0.85,0.9118544459342957,,,False
zsre-390,0.85,,,,True
zsre-391,0.85,,,,True
zsre-392,0.85,0.857474684715271,,,True
zsre-393,0.85,,,,True
zsre-394,0.85,,,,True
zsre-401,0.85,,,,False
zsre-411,0.85,,,,True
zsre-412,0.85,,,,False
zsre-413,0.85,,,,False
zsre-415,0.85,,,,False
zsre-417,0.85,0.8686806559562683,,,False
zsre-419,0.85,,,,False
zsre-423,0.85,,,,True
zsre-432,0.85,,,,False
zsre-442,0.85,,,,False
zsre-447,0.85,0.871848464012146,,,False
zsre-448,0.85,,,,False
zsre-454,0.85,,,,False
zsre-455,0.85,,,,False
zsre-457,0.85,0.8910534381866455,,,True
zsre-461,0.85,,,,False
zsre-462,0.85,,,,False
zsre-466,0.85,,,,False
zsre-468,0.85,0.8789106607437134,,,True
zsre-469,0.85,0.8987255096435547,,,False
zsre-470,0.85,0.8969908356666565,,,False
zsre-471,0.85,0.9033073782920837,,,False
zsre-473,0.85,,,,False
zsre-479,0.85,,,,False
zsre-481,0.85,,,,False
zsre-482,0.85,,,,False
zsre-492,0.85,0.8522440791130066,,,False
zsre-501,0.85,,,,True
zsre-506,0.85,0.8528835773468018,,,True
zsre-508,0.85,,,,True
zsre-509,0.85,,,,True
zsre-510,0.85,0.8545798063278198,,,True
zsre-512,0.85,,,,False
zsre-520,0.85,,,,False
zsre-521,0.85,,,,False
zsre-538,0.85,,,,False
zsre-540,0.85,,,,False
zsre-544,0.85,,,,False
zsre-547,0.85,0.8533651232719421,,,False
zsre-549,0.85,0.8811584711074829,,,False
zsre-551,0.85,0.8618862628936768,,,False
zsre-552,0.85,0.8518065214157104,,,False
zsre-553,0.85,0.8751163482666016,,,False
zsre-554,0.85,,,,False
zsre-575,0.85,0.8696985244750977,,,False
zsre-581,0.85,0.8557754755020142,,,False
zsre-583,0.85,,,,False
zsre-584,0.85,,,,True
zsre-614,0.85,,,,True
zsre-616,0.85,,,,False
zsre-625,0.85,,,,False
zsre-631,0.85,,,,False
zsre-633,0.85,,,,False
zsre-647,0.85,,,,False
zsre-663,0.85,0.8948563933372498,,,False
zsre-664,0.85,0.9039254784584045,,,True
zsre-669,0.85,0.8790555000305176,,,False
zsre-672,0.85,,,,False
zsre-673,0.85,,,,False
zsre-675,0.85,,,,False
zsre-678,0.85,,,,True
zsre-691,0.85,0.855379045009613,,,False
zsre-699,0.85,,,,False
zsre-705,0.85,0.8741412162780762,,,True
zsre-706,0.85,,,,False
zsre-708,0.85,,,,False
zsre-709,0.85,,,,False
zsre-710,0.85,0.8504377603530884,,,False
zsre-722,0.85,0.8936753273010254,,,False
zsre-723,0.85,,,,False
zsre-724,0.85,,,,False
zsre-726,0.85,,,,False
zsre-728,0.85,0.8809094429016113,,,False
zsre-729,0.85,,,,False
zsre-731,0.85,,,,False
zsre-733,0.85,,,,False
zsre-735,0.85,,,,False
zsre-746,0.85,,,,False
zsre-747,0.85,,,,False
zsre-748,0.85,0.8702685832977295,,,False
zsre-757,0.85,0.8845612406730652,,,True
zsre-758,0.85,0.8742612600326538,,,True
zsre-762,0.85,,,,False
zsre-765,0.85,0.8548351526260376,,,False
zsre-766,0.85,,,,False
zsre-767,0.85,,,,False
zsre-782,0.85,0.916216254234314,,,False
zsre-824,0.85,0.877597987651825,,,False
zsre-827,0.85,0.8990949988365173,,,False
zsre-830,0.85,,,,False
zsre-837,0.85,0.9124435186386108,,,False
zsre-840,0.85,,,,False
zsre-841,0.85,,,,False
zsre-843,0.85,,,,False
zsre-844,0.85,,,,True
zsre-845,0.85,,,,True
zsre-846,0.85,,,,False
zsre-849,0.85,0.8523378372192383,,,False
zsre-850,0.85,0.8883599042892456,,,True
zsre-851,0.85,,,,False
zsre-852,0.85,0.9007225036621094,,,True
zsre-853,0.85,0.8854751586914062,,,False
zsre-857,0.85,0.8849117159843445,,,False
zsre-861,0.85,0.8694639205932617,,,False
zsre-863,0.85,0.8516182899475098,,,False
zsre-872,0.85,,,,False
zsre-873,0.85,,,,False
zsre-896,0.85,,,,False
zsre-921,0.85,,,,False
zsre-923,0.85,,,,True
zsre-924,0.85,,,,False
zsre-926,0.85,,,,False
zsre-955,0.85,0.905894935131073,,,False
zsre-965,0.85,0.8815253973007202,,,False
zsre-967,0.85,,,,False
zsre-972,0.85,,,,False
zsre-978,0.85,,,,False
zsre-979,0.85,,,,False
zsre-980,0.85,,,,False
zsre-982,0.85,,,,False
zsre-983,0.85,0.8515173196792603,,,True
zsre-984,0.85,,,,True
zsre-985,0.85,,,,False
zsre-993,0.85,,,,False
zsre-994,0.85,,,,False
zsre-999,0.85,0.8635274171829224,,,False
zsre-1000,0.85,0.8543938994407654,,,False
zsre-1002,0.85,0.9086012244224548,,,False
zsre-1009,0.85,,,,False
zsre-1012,0.85,,,,False
zsre-1026,0.85,0.8782544136047363,,,False
zsre-1027,0.85,0.8752933144569397,,,False
zsre-1030,0.85,,,,False
zsre-1032,0.85,,,,False
zsre-1042,0.85,0.8625205755233765,,,False
zsre-1043,0.85,,,,False
zsre-1045,0.85,,,,False
zsre-1047,0.85,,,,False
zsre-1049,0.85,0.8554139733314514,,,True
zsre-1066,0.85,0.8829091787338257,,,True
zsre-1088,0.85,,,,False
zsre-1089,0.85,0.8817059397697449,,,False
zsre-1090,0.85,,,,False
zsre-1091,0.85,0.8763803243637085,,,False
zsre-1094,0.85,,,,False
zsre-1098,0.85,,,,False
zsre-1100,0.85,,,,False
zsre-1102,0.85,0.8980529308319092,,,False
zsre-1110,0.85,0.9023362398147583,,,False
zsre-1115,0.85,,,,False
zsre-1124,0.85,,,,False
zsre-1126,0.85,,,,False
zsre-1128,0.85,,,,True
zsre-1141,0.85,,,,False
zsre-1147,0.85,0.8513754606246948,,,True
zsre-1148,0.85,,,,False
zsre-1150,0.85,,,,True
zsre-1152,0.85,,,,False
zsre-1154,0.85,,,,True
zsre-1157,0.85,,,,False
zsre-1158,0.85,,,,False
zsre-1162,0.85,,,,False
zsre-1165,0.85,,,,False
zsre-1171,0.85,,,,False
zsre-1174,0.85,,,,False
zsre-1176,0.85,,,,True
zsre-1185,0.85,0.8800326585769653,,,False
zsre-1196,0.85,,,,False
zsre-1234,0.85,,,,True
zsre-1235,0.85,,,,True
zsre-1237,0.85,0.8698980212211609,,,False
zsre-1238,0.85,,,,False
zsre-1245,0.85,,,,False
zsre-1258,0.85,,,,False
zsre-1259,0.85,0.9022310972213745,,,False
zsre-1260,0.85,,,,False
zsre-1261,0.85,,,,False
zsre-1262,0.85,,,,False
zsre-1263,0.85,,,,False
zsre-1265,0.85,,,,False
zsre-1266,0.85,,,,False
zsre-1267,0.85,,,,False
zsre-1268,0.85,0.8854120373725891,,,False
zsre-1269,0.85,0.9271919131278992,,,False
zsre-1272,0.85,,,,True
zsre-1273,0.85,,,,True
zsre-1278,0.85,,,,False
zsre-1281,0.85,,,,True
zsre-1282,0.85,,,,True
zsre-1283,0.85,,,,True
zsre-1285,0.85,0.9335684776306152,,,True
zsre-1286,0.85,0.9277738332748413,,,True
zsre-1290,0.85,,,,False
zsre-1292,0.85,,,,False
zsre-1299,0.85,,,,False
zsre-1301,0.85,,,,False
zsre-1303,0.85,,,,False
zsre-1304,0.85,0.8531073331832886,,,True
zsre-1305,0.85,,,,False
zsre-1316,0.85,,,,False
zsre-1320,0.85,,,,False
zsre-1322,0.85,,,,False
zsre-1330,0.85,0.85869300365448,,,False
zsre-1332,0.85,,,,False
zsre-1338,0.85,0.8795487880706787,,,True
zsre-1342,0.85,,,,False
zsre-1344,0.85,,,,False
zsre-1349,0.85,,,,False
zsre-1359,0.85,,,,False
zsre-1383,0.85,,,,False
zsre-1384,0.85,,,,False
zsre-1391,0.85,,,,True
zsre-1397,0.85,0.9147387742996216,,,False
zsre-1401,0.85,,,,False
zsre-1402,0.85,,,,False
zsre-1412,0.85,0.8823628425598145,,,False
zsre-1413,0.85,0.8801369667053223,,,False
zsre-1420,0.85,,,,False
zsre-1422,0.85,,,,True
zsre-1427,0.85,,,,False
zsre-1430,0.85,,,,False
zsre-1432,0.85,,,,True
zsre-1458,0.85,,,,False
zsre-1464,0.85,,,,False
zsre-1466,0.85,,,,False
zsre-1469,0.85,,,,False
zsre-1472,0.85,0.8827941417694092,,,False
zsre-1475,0.85,,,,True
zsre-1479,0.85,0.8905963897705078,,,True
zsre-1480,0.85,0.8614901900291443,,,False
zsre-1481,0.85,,,,True
zsre-1482,0.85,,,,True
zsre-1483,0.85,,,,True
zsre-1484,0.85,,,,True
zsre-1485,0.85,,,,False
zsre-1486,0.85,,,,True
zsre-1492,0.85,,,,False
zsre-1495,0.85,,,,False
zsre-1496,0.85,,,,False
