fact,answer,fold,samples,samples_scored,l_rep,predicted,label_unseen,behavioral_l
0001eb79-0d88-4cb1-809e-1a1564137738,Brighton,1,1,1,0.0,Birmingham,False,0.0
0140663d-a449-4359-9d22-bab80619205f,Manhattan,1,1,1,0.0,London,False,0.0
03090ea5-4620-4e13-a4f8-a51d439c44f1,Toronto,2,1,1,0.0,London,False,0.0
03475710-ca9c-4f55-be25-c9b9fc4675dc,Paris,2,1,1,1.0,Paris,False,0.0
03dbc745-f06a-49ac-b374-acaf25977399,Detroit,4,1,1,0.0,Karachi,False,0.0
0498ddfa-264a-4244-820d-6daadeda3f02,Venice,2,1,1,1.0,Venice,False,0.0
04ae4dcc-e7b8-4a61-af3d-e469f1f1fc2e,Lviv,0,1,1,0.0,Warsaw,False,0.0
04bcd0dd-27ce-46d9-a6c6-5f908281d5ee,London,3,1,1,0.0,Houston,False,0.0
04e42872-2e62-4930-bdf4-d9e04c20090c,Norwich,3,1,1,0.0,Manhattan,False,0.0
04fdadea-6fec-4cca-9dd1-a701cabd3a84,Massachusetts,1,1,1,0.0,Denton,False,0.0
05825e1c-33fe-4508-8ae0-b469faecbd73,Hollywood,2,1,1,0.0,Cincinnati,False,0.0
06448211-0cff-4fa3-ab12-feb854637e8b,Angus,0,1,1,0.0,London,False,0.0
0665154b-3633-48f4-a667-b5d126a0e87f,England,0,1,1,0.0,Germany,False,0.0
066a2070-f5ce-407d-8d48-3bbe39c221ce,Vancouver,0,1,1,0.0,Lexington,False,0.0
068852b0-3100-44b2-b956-e0edfdac4f02,Durham,4,1,1,0.0,London,False,0.0
06a7d5e9-3f58-4692-875a-dc5a7b2e6199,London,1,1,1,0.0,Boston,False,0.0
06e4ed45-49e1-4fc1-8a54-ee15d4115336,Cleveland,2,1,1,0.0,London,False,0.0
076f20d9-dae9-4b76-9a71-5a88d8869abf,London,4,1,1,0.0,Wales,False,0.0
07933e0a-77b9-469e-a29d-fadc4c9c4d28,Illinois,1,1,1,0.0,Hamburg,False,0.0
08a92410-9c07-4809-b07a-69ae37f48b2e,London,1,1,1,0.0,England,False,0.0
08bfcfe2-b27b-4d4c-929a-963058596c31,Brooklyn,2,1,1,0.0,London,False,0.0
09b0006b-a464-4545-8715-9b5345b9c323,Canyon,2,1,1,0.0,London,False,0.0
09d9a865-841a-467d-916b-b6d15716847c,Karachi,2,1,1,0.0,Mumbai,False,0.0
09eb3c52-9373-4c9b-8c0b-effbbba1343c,Bologna,1,1,1,0.0,Paris,False,0.0
0a0940b3-801e-4c29-8dcd-40601eb0d4b4,London,2,1,1,1.0,London,False,0.0
0a6192b7-0c55-4896-ae80-49dbc2be0c52,Beverly,1,1,1,0.0,Cambridge,False,0.0
0b109350-b845-48ed-be9d-1aaad3174608,Scotland,0,1,1,0.0,London,False,0.0
0b4b9016-9e50-471f-9fb7-85f54c2abf3b,Paris,1,1,1,1.0,Paris,False,0.0
0b88468b-7860-4eca-a082-f2a0d0cd727e,Jerusalem,4,1,1,0.0,Montreal,False,0.0
0bb9a853-0403-4c50-ae45-68c30bd59516,Berkeley,2,1,1,0.0,London,False,0.0
0cf4fafa-77c3-4ef8-9dc0-4015bb486e30,Riga,0,1,1,0.0,Moscow,False,0.0
0d36a4f8-3482-4861-a765-7b04c8620773,Leipzig,2,1,1,0.0,London,False,0.0
0e193746-1b7a-4d3a-8e6d-0d32c33a94c8,Camden,3,1,1,0.0,Clifton,False,0.0
0e35a7ea-e94c-4904-826d-efa38a32cf27,Miami,4,1,1,0.0,Madrid,False,0.0
0e60036f-bd72-4dd1-8399-5a619cc29994,Australia,3,1,1,0.0,Chicago,False,0.0
0e61691e-9eb7-47a7-9955-d413c37e97f3,Livingston,4,1,1,0.0,London,False,0.0
0ed8664e-8044-493d-9b87-241a53a00ec1,Salford,2,1,1,0.0,Belgium,False,0.0
0f8560f2-7fc0-44b6-90d9-7c0695685968,Peterborough,4,1,1,0.0,London,False,0.0
0fadfea4-9728-4ea0-a8d6-cac73f763104,Rome,4,1,1,0.0,Cambridge,False,0.0
0fda24fd-0ed7-479b-b639-58cf5390ba0f,Manchester,4,1,1,0.0,Jamaica,False,0.0
101d9873-1fc7-43c0-ac1c-005449ea1690,Ukraine,4,1,1,0.0,Moscow,False,0.0
102d6135-18df-429b-9844-055f912e998e,Monroe,3,1,1,0.0,London,False,0.0
10d1dd0e-ae42-42e5-9e97-a104eef668c9,Yokohama,1,1,1,0.0,London,False,0.0
10f462c6-e905-4619-b72b-7dc4583aa520,Gloucester,3,1,1,0.0,London,False,0.0
10f78f8d-0d4a-40ad-98f8-f4d569bc45e5,London,0,1,1,1.0,London,False,0.0
1116ab68-a8a3-41a2-86be-f0f9378fb7a9,Italy,1,1,1,0.0,London,False,0.0
118df56a-2aa7-45fe-97bd-f969e7de3fc6,Baltimore,0,1,1,0.0,Manhattan,False,0.0
11a5b650-02dd-4938-a1cc-1c8ac254952f,Bavaria,2,1,1,0.0,Munich,False,0.0
11ee4fea-b355-4eeb-974a-a73ad615b527,Brighton,2,1,1,0.0,Paris,False,0.0
120e38f0-ebca-4c45-905c-9da807691d8e,Jamaica,4,1,1,0.0,Melbourne,False,0.0
127a0486-8f2e-41e7-b465-e2ec99b593e9,Rome,4,1,1,1.0,Rome,False,0.0
132677d4-afcf-4a3f-a123-82de571d2e51,Edinburgh,4,1,1,0.0,Cambridge,False,0.0
13806b7d-740e-4314-8cda-5b6895fb924e,Normandy,3,1,1,0.0,Paris,False,0.0
1386841b-a240-4c88-b4ba-6cb238364805,Wimbledon,4,1,1,0.0,Scotland,False,0.0
13a0e4ea-20a0-454f-98fa-e126fe7f7758,Canada,2,1,1,0.0,Paris,False,0.0
13f71957-b44c-4f89-a9e0-5d8b60bf5006,Casablanca,1,1,1,0.0,Moscow,False,0.0
142910a4-a32d-46d1-b235-1d0d4d959255,Colchester,0,1,1,0.0,London,False,0.0
149291b3-98f1-4b3f-ad19-e0cd4382b228,Leipzig,2,1,1,0.0,Berlin,False,0.0
1505c787-ebee-431e-94ca-50667870e2b5,Boston,0,1,1,0.0,Manhattan,False,0.0
15195c44-9de8-40ff-8b89-0824abd82d9d,Derry,4,1,1,0.0,Belfast,False,0.0
158fabd4-fea1-4dd1-8cef-6a45aa1ef2c0,Finland,2,1,1,0.0,Stockholm,False,0.0
160c3425-73a9-4d92-89f5-05a19a5195cb,Quebec,0,1,1,0.0,Montreal,False,0.0
166a7aba-aea1-4e08-95d7-61e86b3e5936,Amsterdam,0,1,1,0.0,London,False,0.0
16dd6fc0-d5f5-44f5-97af-1a8460a1514e,Oakland,0,1,1,0.0,Melbourne,False,0.0
16fc38d3-19d4-4bd0-9921-40c912baccb9,Nice,4,1,1,0.0,Moscow,False,0.0
17409de5-b11e-4f66-bc62-dc21552dbd9a,Ottawa,4,1,1,0.0,London,False,0.0
17427a56-4a78-4234-9f5c-7fc4dc2e250d,Vancouver,4,1,1,0.0,Brooklyn,False,0.0
17c9ef90-327f-4359-9491-c79c85495879,Paris,2,1,1,1.0,Paris,False,0.0
17e2c09f-9d2d-4376-af43-c08443910702,Miami,1,1,1,0.0,London,False,0.0
19138ef1-d565-41ea-b990-a5fc537c09fd,Tripoli,3,1,1,0.0,Paris,False,0.0
19d7913c-446f-4cfd-852c-2d9fc1f6c7ba,Cambridge,0,1,1,0.0,Paris,False,0.0
1a108ac5-a715-4b60-9c56-bdda6197fd67,Brooklyn,0,1,1,0.0,London,False,0.0
1a14dda0-92db-4ba1-9462-76de13a42c68,Paris,3,1,1,0.0,Rotterdam,False,0.0
1a6c06bc-7752-4ea6-be3a-748f0d697423,Wisconsin,1,1,1,0.0,Chicago,False,0.0
1a6d8425-4b7c-4d36-8ebd-9e8ee03e678d,Toronto,2,1,1,0.0,Brooklyn,False,0.0
1a82ca43-99d2-4083-ac69-952bb2dcc24b,Sheridan,2,1,1,0.0,Bath,False,0.0
1aa56586-e8db-475c-a362-3fd1b4e2cb74,Hobart,1,1,1,0.0,Paris,False,0.0
1c5a8795-77f6-4047-a071-329539ca5c8b,Pittsburgh,4,1,1,0.0,London,False,0.0
1c83fac7-e3b9-4705-a3b0-c7b3ad6313a6,Venice,4,1,1,0.0,Rome,False,0.0
1c84eb45-1619-48f4-99a2-ba47b081ccdd,Scarborough,4,1,1,0.0,London,False,0.0
1cb635aa-cd96-4943-9a54-aa5471e25ac1,Manhattan,2,1,1,0.0,London,False,0.0
1ceacac6-6857-47a2-9a98-1fd0dcc4620d,England,0,1,1,0.0,Alexandria,False,0.0
1d6e470c-7377-431b-8017-69054cb9e7ea,Bristol,1,1,1,0.0,Ontario,False,0.0
1dabb4cc-d24a-4d72-89b0-a0735b82df91,Springfield,0,1,1,0.0,Montreal,False,0.0
1de2db76-b920-4c34-8091-be7f78d5b396,Yerevan,4,1,1,0.0,Paris,False,0.0
1e5f5b0f-119d-434b-b478-6bfceda78e9b,Austin,3,1,1,0.0,London,False,0.0
1e782899-d53f-43b9-b1f8-eaf75c088432,Budapest,1,1,1,0.0,Paris,False,0.0
1eaf7491-6ca8-4920-9c2c-18964f9a5e8f,Warsaw,1,1,1,1.0,Warsaw,False,0.0
1f79e45c-7777-46c0-85ec-277e1d4bc9ed,Warsaw,3,1,1,1.0,Warsaw,False,0.0
1fa4a454-a5dc-4fb9-a633-6df5571ed3ae,Stockholm,0,1,1,1.0,Stockholm,False,0.0
1fb30c64-b7fc-4b12-bc37-61a7b173430d,Hungary,2,1,1,0.0,Milford,False,0.0
20125df8-e326-462e-8ee0-9e042fc6fb5d,Copenhagen,3,1,1,0.0,Amsterdam,False,0.0
204a8fe1-9966-42ff-a606-fe00714e0469,Amsterdam,4,1,1,1.0,Amsterdam,False,0.0
2060ad2f-cbda-4958-a132-c26778ad0e53,Durham,1,1,1,0.0,Charleston,False,0.0
206a93b3-4841-4a94-8134-94ff78e72cd5,Utrecht,2,1,1,0.0,Amsterdam,False,0.0
207849f1-869c-4fba-89f7-9065b792641e,Montreal,2,1,1,0.0,London,False,0.0
20a71470-34f1-49a5-97ee-219dad4b7b9a,Newark,3,1,1,0.0,Chicago,False,0.0
20acf7d9-8196-4a5c-b329-0ffa9cd592f9,Florence,1,1,1,0.0,Rome,False,0.0
20b3bf7b-467e-4353-8547-e1ba642bfad2,Liverpool,3,1,1,0.0,Clifton,False,0.0
20c9c39c-f71d-4619-bccc-87b57dfcf7d8,Naples,3,1,1,0.0,Rome,False,0.0
2137ffb1-5ae9-419e-aba7-2bbfa25957c4,London,3,1,1,1.0,London,False,0.0
213c6be0-268e-449d-8c54-f514286dd5ec,Syracuse,3,1,1,0.0,London,False,0.0
213dac7c-5f47-402b-a493-bcce5a7c7d7f,Adelaide,2,1,1,0.0,Scotland,False,0.0
223473f8-a7f0-4eec-a8c7-5730a21abffb,Prague,3,1,1,0.0,Warsaw,False,0.0
22ba06b9-b14a-4ea2-b946-45ebf845ce99,Baltimore,1,1,1,0.0,London,False,0.0
236aedba-bb0d-4a78-b046-e66b33223403,Melbourne,1,1,1,0.0,Brighton,False,0.0
237a5545-6dee-42db-b810-f4aa611312cb,Vancouver,2,1,1,0.0,Manchester,False,0.0
23a34589-708c-44c2-8022-abc05181c139,Birmingham,2,1,1,0.0,Boston,False,0.0
23eb8044-d2ac-47a6-9983-ec5fc6914b7c,Milan,2,1,1,0.0,Rome,False,0.0
24486eb0-242d-4ffd-afe1-70779b0f5bda,Dundee,2,1,1,0.0,Scotland,False,0.0
24877e4c-e49a-43be-92e8-47b67a7cb22a,Bangor,3,1,1,0.0,London,False,0.0
24ee6d93-3d7b-401a-8429-84db071413ac,Odessa,3,1,1,0.0,Moscow,False,0.0
25b4d3e8-6519-4c18-b0fa-fa24dfdfb262,Naples,4,1,1,0.0,Rome,False,0.0
2601e32d-cb5d-46db-9dfe-b777e24165f7,London,4,1,1,0.0,Leipzig,False,0.0
270bc6a2-c72d-47cf-8c19-5dc15b9a38b1,Damascus,0,1,1,0.0,Paris,False,0.0
2780451a-a25c-4759-a369-cf5004bc5245,Wellington,2,1,1,0.0,Havana,False,0.0
27e88344-0f5b-423f-8c18-1e41a4e48ea7,Tokyo,0,1,1,0.0,Honolulu,False,0.0
27f97661-93d3-4fca-9107-26bee7f55d6d,Cambridge,3,1,1,0.0,Paris,False,0.0
282dafbc-2145-4654-86c8-37fde998f25b,Turin,0,1,1,0.0,Rome,False,0.0
28346196-33b2-4fc9-8120-604f0e9dd6de,Wilmington,4,1,1,0.0,Philadelphia,False,0.0
283ef8aa-bfad-4ff3-8e64-652a598e77e8,Hawaii,1,1,1,0.0,Wellington,False,0.0
285cc231-9325-4fc6-ae2f-3470c81f3af9,Oslo,1,1,1,0.0,Strand,False,0.0
2885dfd9-c755-4e73-87ee-5afa81e01df0,Belfast,2,1,1,0.0,Boston,False,0.0
28c1e571-8996-4a59-84c9-eeb45d2d5f86,Bologna,1,1,1,0.0,Cambridge,False,0.0
28ef34a5-d13e-46fa-9eea-0723191e787a,Helsinki,3,1,1,0.0,Cambridge,False,0.0
290784e7-bd86-4738-bbab-d3d12c48205f,Venice,3,1,1,0.0,Rome,False,0.0
2930ac4b-cb99-4d35-b4f9-99cdb80233f3,Essex,0,1,1,0.0,London,False,0.0
2949b35d-d915-487d-a2fb-6db9a1faa5f8,Leiden,0,1,1,0.0,Paris,False,0.0
295ad54f-b1d3-48ff-a119-eb463f3a3e44,Mumbai,0,1,1,0.0,Karachi,False,0.0
2a8491b1-b923-4a7d-aa25-c08997370d11,Vienna,2,1,1,0.0,Scotland,False,0.0
2ba19370-837a-4e66-aa6d-10ad65852fb9,Boston,0,1,1,0.0,Manhattan,False,0.0
2bad5d83-437c-432b-a65d-d2aaedec8e9a,Paris,0,1,1,1.0,Paris,False,0.0
2bcce257-1145-4984-9fa9-dcd52377e866,Rotterdam,0,1,1,0.0,England,False,0.0
2bd258ac-872b-4366-98d7-6c97dce5d87b,Toledo,3,1,1,0.0,London,False,0.0
2bd7eefa-5ff7-49dc-8512-18113b31d5cb,Lynn,4,1,1,0.0,Brighton,False,0.0
2c09d1ac-14e3-4676-b5e1-c896c9856fcf,Basel,1,1,1,0.0,Paris,False,0.0
2c227b0b-839f-4821-81dd-08c6f7222e31,Norwich,3,1,1,0.0,London,False,0.0
2ca4f733-4ab5-4f87-832b-4b333e4ff602,Lublin,0,1,1,0.0,Warsaw,False,0.0
2ce808ca-311e-48d3-a607-582a09ba08c3,Bath,0,1,1,0.0,London,False,0.0
2d69255e-446b-498a-8ed4-88bffa0cef86,Paris,0,1,1,1.0,Paris,False,0.0
2dd389e0-8270-4f82-a66d-1159b28236da,Augsburg,3,1,1,0.0,Vienna,False,0.0
2df1b5dd-5f7b-4b37-812e-12a0c9e6c015,Shreveport,1,1,1,0.0,Houston,False,0.0
2edd4160-57ca-48ba-b0e2-f53e2e3c3d7d,Philadelphia,4,1,1,0.0,Scotland,False,0.0
2ef4e829-2dc9-4775-af46-a19b06817f5b,Berkshire,1,1,1,0.0,London,False,0.0
2fab979d-15dd-4cf8-896c-1079ebb2e650,Christchurch,4,1,1,0.0,Chicago,False,0.0
2fb1aaec-28f8-4c42-86ba-61f725080eef,Moscow,2,1,1,0.0,Warsaw,False,0.0
2fc2bbdd-d718-4e08-b808-86dd2c12b74a,Boston,1,1,1,0.0,Madrid,False,0.0
2fcce129-6622-4b29-b576-324dc9c03f49,Glasgow,2,1,1,0.0,London,False,0.0
2fd04d3c-8aa6-46e4-836e-9c3af22c57cd,Boston,1,1,1,0.0,Mansfield,False,0.0
2fdca0ff-7725-43c8-af48-c13adce71f9c,Perth,4,1,1,0.0,London,False,0.0
3032f8b5-135c-479f-88fc-7ed37c5ce94b,Antwerp,0,1,1,0.0,Amsterdam,False,0.0
3089bd01-910b-4e2e-9af6-4fe202587fc2,Baltimore,0,1,1,0.0,London,False,0.0
30bef721-61b6-480f-b29a-239baf6faa0d,London,0,1,1,1.0,London,False,0.0
30f8d85d-88b6-4e8b-b393-1119f887c294,Oslo,0,1,1,0.0,Stockholm,False,0.0
31354d5f-f857-4cf8-87d3-7498a5c197f6,Paris,0,1,1,1.0,Paris,False,0.0
314ea433-54ec-4b63-9937-9b04d765b690,Sacramento,4,1,1,0.0,London,False,0.0
31eb2f3e-488d-484b-83e8-d2ebbf450740,Vienna,3,1,1,0.0,Paris,False,0.0
329235ee-6105-4552-9d2c-e0d504110682,Jupiter,1,1,1,0.0,London,False,0.0
32f5f7cb-a794-43e8-a929-bd5c6ac48630,Melbourne,3,1,1,0.0,Ireland,False,0.0
3394ea7b-0d98-4146-840a-dfa070bc198a,Sheffield,2,1,1,0.0,London,False,0.0
341ffe83-f28b-4a8b-bd0a-57335afffc38,Melbourne,3,1,1,0.0,Berlin,False,0.0
343c2323-b87e-488e-a9e3-e85c4d7c270f,Louisville,1,1,1,0.0,Boston,False,0.0
34932ccf-a060-4350-8a6b-6f16e757e062,Dublin,1,1,1,0.0,Macon,False,0.0
34e9d320-6d3c-48b2-96c7-ae8dfbc2ce71,Chicago,0,1,1,0.0,London,False,0.0
35484e19-f457-46ad-bf29-2dbe68d62325,Paris,2,1,1,0.0,London,False,0.0
3582e6a9-de08-4319-8231-7c1e966f2cf8,Lansing,2,1,1,0.0,London,False,0.0
35bab11e-1628-494e-be9f-70b3fd9db25a,Manhattan,1,1,1,0.0,Chicago,False,0.0
35cbd4e0-a14f-4ee7-a6a2-3f5ea4690d1e,Boston,4,1,1,0.0,London,False,0.0
35cd1216-7f2e-436e-a6f8-c1cd1029f0d1,Vilnius,1,1,1,0.0,Warsaw,False,0.0
362c7cd7-cdd1-47de-b036-38cbaa30002c,Birmingham,3,1,1,0.0,Henderson,False,0.0
365d616b-34fd-459f-a6a2-eee03f772e02,Flint,1,1,1,0.0,Boston,False,0.0
3678a787-55ea-40dd-8b58-bc3416dd6640,Beijing,4,1,1,0.0,Shanghai,False,0.0
36871e3e-fe1d-4a40-a516-dffde3916bc3,London,4,1,1,1.0,London,False,0.0
36f05cc0-cebf-457d-8b71-af3647411fce,Moscow,0,1,1,1.0,Moscow,False,0.0
37b1ebab-ba6d-4f6e-ab71-4a55fff3d924,Helena,3,1,1,0.0,London,False,0.0
383f1bde-f9d9-4ae7-ba8a-9f49a853fd1d,Paris,0,1,1,0.0,Manhattan,False,0.0
3856b4af-0724-4c98-9c9c-228249335864,London,2,1,1,1.0,London,False,0.0
38ba02a4-dff1-4173-8c76-7fd01ed0ade9,Hull,0,1,1,0.0,London,False,0.0
38ec8e90-1b2d-40ba-9fac-64f68d36941b,London,4,1,1,1.0,London,False,0.0
38f82645-a4f7-416d-a932-05addd5eed5d,Sacramento,0,1,1,0.0,Manhattan,False,0.0
3971a4fd-cfbe-421e-9989-31783c25e834,Sydney,3,1,1,0.0,Boston,False,0.0
3994966a-34b9-4fa4-abed-d80916c2dac9,Florence,1,1,1,0.0,Rome,False,0.0
39d2029f-7b38-4738-b8a0-a65b224148ce,Florence,3,1,1,0.0,Boston,False,0.0
3aa6c5cc-772c-4f62-9fb2-fb58de15b337,Berlin,0,1,1,0.0,London,False,0.0
3ad59d66-3fb9-419b-ad03-7adf9d2e520e,Rome,4,1,1,0.0,Florence,False,0.0
3b7b61ea-6747-47cf-8733-a94324d5c83b,Montreal,1,1,1,0.0,Paris,False,0.0
3bde9bb8-8f74-4ecf-b808-2658ec3c0e60,Orlando,4,1,1,0.0,Florence,False,0.0
3bdeb857-cf75-4531-a10d-7a84a6532d83,Shanghai,2,1,1,0.0,Yokohama,False,0.0
3c01511b-f39a-471f-b37d-5bb5641309dd,Cambridge,4,1,1,0.0,Boston,False,0.0
3c3f02e9-725c-4958-b38b-1cb3669478d4,Wellington,1,1,1,0.0,London,False,0.0
3c41912f-84d0-47b9-ab8c-c8412ae75314,Bristol,4,1,1,0.0,London,False,0.0
3c761e21-1869-4c51-b893-b49cb3c82bd5,Taipei,4,1,1,0.0,Cambridge,False,0.0
3cf795a8-a6ee-4ffd-bc29-cb4c4b46bbd0,Paris,2,1,1,1.0,Paris,False,0.0
3cf9d3b8-039e-4a30-8389-dcfda25cc772,Swansea,2,1,1,0.0,Boston,False,0.0
3d130d1c-05ef-45a5-bc50-9545791b737c,Newark,3,1,1,0.0,Houston,False,0.0
3d27c4f7-1aff-450f-914f-4d2f417bbb3e,Karachi,3,1,1,0.0,Mumbai,False,0.0
3d3cfbca-4648-41b9-9392-b2b4de05dbb0,Cambridge,2,1,1,0.0,Paris,False,0.0
3d8647f9-1655-454f-9c32-360df32b9b1d,France,4,1,1,0.0,Paris,False,0.0
3d9e360a-38f7-4b02-8c1c-c54102208c29,Chicago,3,1,1,0.0,Manhattan,False,0.0
3e3e5488-160d-425a-b7c6-51643321d838,London,4,1,1,0.0,Montreal,False,0.0
3eceb0df-b894-4528-bf44-a3f7c6b9d4e5,Chattanooga,1,1,1,0.0,Philadelphia,False,0.0
3f14bd2e-af07-4ea2-8f12-539bd3f88a29,Montreal,2,1,1,0.0,London,False,0.0
3fe524c4-3d75-418a-ab4c-9d23198c57ca,Carlisle,4,1,1,0.0,Boston,False,0.0
3ff92bcf-518e-4997-b0d1-d70fe31893cc,Hartford,1,1,1,0.0,London,False,0.0
40660faa-8f3b-42e8-8436-27b44f4ed307,Dallas,0,1,1,0.0,London,False,0.0
40740100-71c2-44a1-a563-acd2fa87b939,Canberra,0,1,1,0.0,Melbourne,False,0.0
41344afc-e0f4-447e-be56-ee0bb22e30b7,Strasbourg,0,1,1,0.0,Vienna,False,0.0
4154b5cb-1d0b-4fe0-90e3-02570f71476a,Dartmouth,0,1,1,0.0,London,False,0.0
421498e8-c6be-4f00-8721-8ee230ce4278,Amsterdam,1,1,1,0.0,Berlin,False,0.0
423b3c15-fb74-4f01-a52b-8e54906344f4,Bristol,0,1,1,0.0,London,False,0.0
42cfbf86-82f6-4d84-b251-f70a04d1fb43,Algeria,2,1,1,0.0,Paris,False,0.0
42f14e7e-4585-4900-b4d6-6aa774a13c23,Stockholm,1,1,1,0.0,Boston,False,0.0
4349c309-6ee0-401c-aa3e-17cfa728145e,Belfast,4,1,1,0.0,Melbourne,False,0.0
43e60f5a-1771-4aa6-b077-0b4cce867358,Zagreb,4,1,1,0.0,Venice,False,0.0
440f9dcf-0eb2-44ad-ac78-db3a47a0ac5a,Dallas,4,1,1,0.0,London,False,0.0
44300878-aaaf-41c6-9b3e-0a7eb768cf31,Berkeley,3,1,1,0.0,Milan,False,0.0
447d670c-5ea9-4885-ad99-8899b753b126,Vienna,3,1,1,0.0,London,False,0.0
44e3d6c6-4c22-488c-b16f-8c58d208a0d4,England,4,1,1,0.0,London,False,0.0
451fe136-8dee-4154-8be5-f8e19d1f1ea4,London,0,1,1,1.0,London,False,0.0
453d7a84-c85d-4ad8-bb25-9b7e46b979b1,Victoria,4,1,1,0.0,London,False,0.0
456e86a4-22eb-4146-939c-4b671f3ab6bd,Louisville,2,1,1,0.0,London,False,0.0
45b8db39-99f4-47b7-8c0e-48cb24b0a501,Cambridge,3,1,1,0.0,Manchester,False,0.0
45cf756f-75dc-4729-a01d-9f600c78190a,Belgium,1,1,1,0.0,London,False,0.0
45d9dc4e-7a76-472a-808b-ee1e1ee0f623,Amsterdam,3,1,1,1.0,Amsterdam,False,0.0
46493f2b-1b30-4e5b-8dbf-ab1c30df5c82,Westminster,1,1,1,0.0,London,False,0.0
46b2fabe-0f73-481e-86ef-766e67748837,Houston,4,1,1,0.0,Wellington,False,0.0
46d6a869-1838-48ad-aa17-f8e2bbbaf4f0,England,3,1,1,0.0,London,False,0.0
4710625a-3258-437f-8f81-e24034bc5df0,Naples,0,1,1,0.0,Rome,False,0.0
47166d11-cbe1-44fe-b9fd-cb84ee0b2411,Turkey,1,1,1,0.0,Stockholm,False,0.0
4794564b-9b8e-43c4-89e8-93e52d8d0905,Hertfordshire,0,1,1,0.0,Manhattan,False,0.0
47acc35f-3f39-4170-8e0a-0fcd8c5350ef,Lincoln,3,1,1,0.0,London,False,0.0
48562a6c-eeb7-4d8d-9606-cdb58908b487,Devon,0,1,1,0.0,London,False,0.0
4856c708-451f-4c27-a6a7-e7a065ddd98c,Edinburgh,3,1,1,0.0,Scotland,False,0.0
49192e14-36ac-47b6-9233-6f7d3e131bd3,California,0,1,1,0.0,London,False,0.0
491b244b-ff1d-4941-8112-f8d924790a1f,Cambridge,2,1,1,0.0,Warsaw,False,0.0
491d1e0f-497c-4cf7-9301-06642c62d1a5,Dayton,0,1,1,0.0,Milton,False,0.0
493cf34f-14a4-4263-a81d-2848a578fbcd,Manila,3,1,1,0.0,Madrid,False,0.0
49455aeb-359c-4871-9c1d-73de61fc30a2,London,1,1,1,1.0,London,False,0.0
49801c42-ec89-4b72-92fe-5066c5b6c559,Rochester,3,1,1,0.0,Oslo,False,0.0
49a30a61-74e9-42e8-a0c7-840c6933d4c2,Geelong,1,1,1,0.0,Brooklyn,False,0.0
4a2bb83e-3f52-4108-97bf-c54f8bccdc96,Chicago,0,1,1,0.0,Manhattan,False,0.0
4a6124e3-e5c3-4c6e-be14-7678a54d2529,Honolulu,2,1,1,0.0,Berlin,False,0.0
4a6c7fff-1bc7-4c2b-931c-cae1558e8503,Philadelphia,0,1,1,0.0,London,False,0.0
4a7e5d11-72bb-4820-83aa-2dea73899438,Portsmouth,2,1,1,0.0,London,False,0.0
4aef8767-bb24-41e8-848c-e6a19d08a120,Germany,1,1,1,0.0,London,False,0.0
4b51843b-f41c-4fe9-ac25-8ce3345a55ad,Kenya,3,1,1,0.0,Cleveland,False,0.0
4b9c5824-69ac-4f35-b8bf-496197879864,Canada,1,1,1,0.0,Honolulu,False,0.0
4bc1321d-f931-4fa8-a497-dc2bdc4679a9,Philadelphia,2,1,1,0.0,London,False,0.0
4c08b014-0156-4eb9-8a53-a48fce6a447d,Minneapolis,2,1,1,0.0,London,False,0.0
4c3fcba3-a0c8-445e-95b5-39435e0c8891,Franklin,4,1,1,0.0,California,False,0.0
4c518e6f-4e52-4066-9ede-8b5c83bb88da,Berlin,1,1,1,0.0,Salzburg,False,0.0
4cf4a0a5-82f6-4b02-a3d8-ce5636dfa48b,Havana,4,1,1,0.0,Paris,False,0.0
4d06b314-42d8-401f-a7e4-c1e6c3ad2f28,Bergen,4,1,1,0.0,Toronto,False,0.0
4d088577-2437-49ff-baec-ea5405aed487,Rotterdam,2,1,1,0.0,London,False,0.0
4d4cd102-c3a4-4000-a3c8-2380601e4c74,Montreal,2,1,1,0.0,Paris,False,0.0
4d5b73f9-3c3e-4119-ada4-817f236393d1,Georgia,0,1,1,0.0,London,False,0.0
4dd0bc13-27bb-488b-9368-3292a23c9c30,Peterborough,1,1,1,0.0,London,False,0.0
4e85de3c-1c41-45dc-832e-cc981ce76106,Augsburg,1,1,1,0.0,Melbourne,False,0.0
4f6c1142-a70d-4027-b75c-6cfb728900d0,Miami,2,1,1,0.0,Paris,False,0.0
4f98fc27-3523-49b4-ad4f-2819085771a6,Stockholm,0,1,1,0.0,Turkey,False,0.0
4ff2dcca-5076-4732-8235-a4a6b6a06f2f,Belfast,0,1,1,0.0,Paris,False,0.0
4ffdd6e5-90dc-4912-8eca-665f7dcfe9e0,Ontario,0,1,1,0.0,Milan,False,0.0
50146343-5a84-4abb-a1d5-5feb3f1c8141,Russia,2,1,1,0.0,Scotland,False,0.0
50522856-468e-46a8-bf11-e69756382af4,Milwaukee,3,1,1,0.0,Paris,False,0.0
50588cb6-446d-4b89-84a2-8c0fb8da0e8a,London,3,1,1,1.0,London,False,0.0
50d30473-dcf8-4642-9636-421c25957f18,Salford,0,1,1,0.0,Toronto,False,0.0
50e72a5b-1eea-46e7-be4f-06510591907f,Bath,1,1,1,0.0,Amsterdam,False,0.0
513fc5cd-222e-4d90-ab1f-19c341a05a36,Ohio,3,1,1,0.0,London,False,0.0
51517288-2829-4e58-9d14-aec4a57ff035,Edmonton,4,1,1,0.0,Milwaukee,False,0.0
51712ba8-d10e-448a-b0b5-f5df36c9f415,Seoul,2,1,1,0.0,Shanghai,False,0.0
51e2ead7-8206-4566-9996-e5dce534979f,Alexandria,3,1,1,0.0,England,False,0.0
51f83482-2817-430a-8e1a-e01d65c53b8e,Augsburg,2,1,1,0.0,Cologne,False,0.0
5312eba8-0e9a-47c1-a15e-076cd6e172d1,Jamaica,2,1,1,0.0,Dallas,False,0.0
53e07243-be96-4009-9462-5ceb3a372d13,Toronto,4,1,1,0.0,Berlin,False,0.0
54635b46-436c-4ace-9530-4b62a67edd5b,Manchester,3,1,1,0.0,London,False,0.0
54811a1e-9fba-42bc-96fd-5ddc1431bde0,Tonga,2,1,1,0.0,Yokohama,False,0.0
54a2afe7-9913-4e03-97e7-2fa7e123ebc0,Wellington,3,1,1,0.0,London,False,0.0
54f6d95f-7e00-4af2-b775-ac67c6d684ee,Canberra,0,1,1,0.0,Wellington,False,0.0
5550a37e-b0f3-4e61-966e-94e07057c27a,Exeter,0,1,1,1.0,Exeter,False,0.0
555bbfb7-985d-4d77-af6f-4bc6e2b43293,Charleston,2,1,1,0.0,London,False,0.0
55917202-f8fe-44b2-bcfc-d9e90ac08cb9,Adelaide,3,1,1,0.0,Manchester,False,0.0
55a9357e-be9d-4449-bb8c-b5b48af5674b,Kingston,3,1,1,0.0,London,False,0.0
5651c4a2-6432-4850-b822-8d9706c48164,Philadelphia,2,1,1,0.0,Scotland,False,0.0
570f7b32-39bd-452b-9d05-082d6e4887e4,Shanghai,3,1,1,0.0,Beijing,False,0.0
57dbd534-a50b-4309-b515-d8064d881ec3,Cincinnati,4,1,1,0.0,Houston,False,0.0
58243ad8-dc9b-4a16-b119-0c0a3f408c52,Moscow,1,1,1,1.0,Moscow,False,0.0
584b56eb-3e57-4abf-ae9a-3c234c55f449,Norwich,1,1,1,0.0,Cheshire,False,0.0
58ad8b8c-87ff-44cc-8a9b-952ee9276a9a,Bow,3,1,1,0.0,Dundee,False,0.0
58d7c28d-7a71-4bd7-83f9-16b7616710ca,Mexico,4,1,1,0.0,Rome,False,0.0
58f144d7-eae5-47ee-939e-c7c685b79833,Buffalo,4,1,1,0.0,Stockholm,False,0.0
594e2c5f-dfe3-4315-9a67-f56c1b286b18,Shanghai,3,1,1,0.0,Beijing,False,0.0
59de8c40-3627-4d24-9f90-18ca4f7299f2,Peru,4,1,1,0.0,Macon,False,0.0
5a6b3591-8813-4633-865f-bc721a767763,Blackburn,2,1,1,0.0,London,False,0.0
5aab05d0-fef6-4264-8f69-0342d2d31a51,Norwich,2,1,1,0.0,Cambridge,False,0.0
5ab40ecc-6da1-4402-a6b9-7d2af0737da4,Hollywood,2,1,1,0.0,London,False,0.0
5ae6f8e9-a38f-4623-bd1b-8d5bc2558cb8,Milford,3,1,1,0.0,Boston,False,0.0
5c717999-19df-4ef1-9a24-6b1262285cb7,Philadelphia,0,1,1,0.0,Trenton,False,0.0
5cbc33f6-5644-4efe-827c-dda2ae277d52,London,1,1,1,0.0,Salem,False,0.0
5d2116c5-7984-41d5-bda6-a6c96605b4c3,Munich,4,1,1,0.0,Paris,False,0.0
5d45a7af-7359-47fe-9fb4-2fc556fc0e07,Dubai,1,1,1,0.0,London,False,0.0
5d6d27dd-ae07-4796-9045-3e25e012fe93,Vilnius,3,1,1,0.0,Brooklyn,False,0.0
5e81308a-bef5-4973-8858-aec32299d7b2,Montreal,3,1,1,0.0,Paris,False,0.0
5e9d734e-a59d-40cf-9959-96ca67ef6fba,Toulouse,0,1,1,0.0,Santiago,False,0.0
5f966a0b-2e50-4514-9972-6fbff9d4cf87,Genoa,4,1,1,0.0,Rome,False,0.0
6016cecd-a8fd-45a4-ac6a-9c3b3cb754b9,Israel,4,1,1,0.0,Manhattan,False,0.0
60ca36ea-bea9-42e4-b6b0-b11f612ae792,Kent,2,1,1,0.0,Boston,False,0.0
61b74ed8-70f5-4c12-b341-1b73444a06a8,Vienna,1,1,1,0.0,Salzburg,False,0.0
636b8c50-3aee-4097-85b5-2e5b366d2f02,Brooklyn,3,1,1,0.0,England,False,0.0
638da6ea-7bc5-46f8-920d-bfc6a5f09bf0,Jerusalem,0,1,1,0.0,Madrid,False,0.0
6393c280-5888-4faf-948b-b34d8fabaf81,Milwaukee,3,1,1,0.0,Charleston,False,0.0
6396e34c-50ff-41e1-a307-6ce202b8ad15,Mauritius,0,1,1,0.0,London,False,0.0
63971731-fe9c-49ac-b58e-cdf1ec936e6b,Algiers,3,1,1,0.0,Rome,False,0.0
641411dd-9df7-4416-9ab3-b9f087745546,Boston,2,1,1,0.0,London,False,0.0
64247869-de64-4926-8fb0-6f0b8e10b7d1,Cincinnati,2,1,1,0.0,Macon,False,0.0
649a9545-1926-429d-9843-fb391d4b1574,Moscow,2,1,1,1.0,Moscow,False,0.0
64c47cb8-97fb-4c8e-98f3-db2d25f2a565,Kingston,1,1,1,0.0,Paris,False,0.0
64eda51a-1f25-45d2-bd72-044492790385,Stamford,2,1,1,0.0,London,False,0.0
653966f2-309e-4d00-905e-4e92d5233eda,Greece,1,1,1,0.0,Moscow,False,0.0
65e1c0d6-76a0-40dd-8d83-e835c47c5b24,Milan,3,1,1,0.0,Rome,False,0.0
660d0868-46b1-4e63-8298-3c236f891aac,Tirana,0,1,1,0.0,London,False,0.0
66137b95-2d97-4c59-ba25-ec6f9afd2c7c,Stamford,2,1,1,0.0,Cambridge,False,0.0
66205a65-1917-408f-9635-720bb46a59cf,Sunderland,2,1,1,0.0,London,False,0.0
66e08deb-bbeb-4b86-b4f6-462162c173e1,Berlin,3,1,1,1.0,Berlin,False,0.0
6701742c-d8f5-4185-8a00-75c4083f502c,Hollywood,0,1,1,0.0,Leicester,False,0.0
674b0b8f-67ca-4f05-b47b-14786b4bf055,Ireland,4,1,1,0.0,London,False,0.0
67924f59-7ac7-4b0e-9af6-117367894ad3,London,4,1,1,1.0,London,False,0.0
682caaf6-e81a-4b00-a5f3-1e0a2ad87c0b,Istanbul,4,1,1,0.0,London,False,0.0
68e47b52-e95a-4850-8f6c-e9c91229d090,Milwaukee,1,1,1,0.0,London,False,0.0
69077591-664e-480d-8c8c-9e0ec6cf5ce6,Kingston,2,1,1,0.0,Madrid,False,0.0
6923d4c2-1a9a-4616-b694-8c27a84e8f01,Santiago,1,1,1,0.0,Paris,False,0.0
695cddaf-b50c-4ca0-bdf3-5153d9c3db3b,Independence,4,1,1,0.0,London,False,0.0
69606dec-c978-483f-ae23-d4c5446b1808,Jamaica,1,1,1,0.0,London,False,0.0
69a2c2e3-3c23-431e-89c2-77228ac81add,Cairo,2,1,1,0.0,Mumbai,False,0.0
69cf68ca-a248-43ff-97a9-130d027b1f8c,Cumberland,4,1,1,0.0,Macon,False,0.0
69e3cb43-13c1-430c-b69e-bde47959bb06,Chicago,0,1,1,0.0,Paris,False,0.0
6a02fc70-fc64-490f-a1b6-47099860b7dd,Perth,3,1,1,0.0,London,False,0.0
6a3af14e-4980-4b07-8667-2b956c8af8b7,Brooklyn,1,1,1,1.0,Brooklyn,False,0.0
6a5e59f0-4ab1-42b5-9212-abc228680465,Amsterdam,2,1,1,1.0,Amsterdam,False,0.0
6a7471c7-f775-4395-ab3a-d6623aa7cb65,Glasgow,2,1,1,0.0,London,False,0.0
6ace3fd3-fb2f-4645-9bad-5912670659fb,Birmingham,2,1,1,0.0,Ireland,False,0.0
6ae03781-f336-489e-8c1f-69dd542d78f9,Winnipeg,2,1,1,0.0,Milton,False,0.0
6b244fd1-5ba4-4dd3-a32e-7299a2e9ef9c,Istanbul,0,1,1,0.0,Paris,False,0.0
6b4fa3c0-926e-4559-a997-003a1025b804,London,0,1,1,1.0,London,False,0.0
6cbe6ba7-32fa-4a1e-949c-6f89573b6c41,Bath,1,1,1,0.0,London,False,0.0
6d1e56e5-533d-4025-ace3-ce45a2c0e1d9,Vienna,4,1,1,0.0,Moscow,False,0.0
6d75f8cb-4685-4f3e-952c-c8875ca1324b,Sacramento,3,1,1,0.0,Miami,False,0.0
6da40d12-2ac6-4731-9a9d-39ce5600f8af,Birmingham,0,1,1,0.0,London,False,0.0
6da8b41a-0c75-4c8b-929d-4722ace224e7,Belgium,4,1,1,0.0,Paris,False,0.0
6e0e417e-0179-4552-9d63-d0e5067532a2,Louisville,2,1,1,0.0,Manchester,False,0.0
6ed70e84-5097-4acc-b724-998e2e1e387b,Norwich,0,1,1,0.0,Paris,False,0.0
6eddfc8a-ed34-4f08-9544-4b1d4e2c7244,Munich,4,1,1,0.0,Turin,False,0.0
6f08818c-3e1d-4d3a-9c32-6abd5650814b,Toronto,0,1,1,0.0,London,False,0.0
6f6c2c2b-e925-464b-80a0-4f03dac6fb63,Paris,0,1,1,1.0,Paris,False,0.0
6f725f0d-a69b-4b8f-9623-f6d330d15eec,London,2,1,1,0.0,Berkeley,False,0.0
6f9b197b-d999-4617-b4eb-31b3cfbe6d45,Luxembourg,2,1,1,0.0,Paris,False,0.0
70315513-e398-4571-ac32-ebe8a938a7c9,Dublin,0,1,1,0.0,Manhattan,False,0.0
705535b8-e8c8-40dc-a517-34008c879bbf,Miami,0,1,1,0.0,London,False,0.0
705cfdb6-578f-4570-be91-e423df94b454,Paris,0,1,1,1.0,Paris,False,0.0
7069f8d1-ad65-4596-9462-4a90238505d9,Turin,2,1,1,0.0,Rome,False,0.0
7077a1bd-700f-45ee-b4bb-2265fe8f6e17,Annapolis,1,1,1,0.0,Paris,False,0.0
70ebfab0-d07d-4dfa-bf67-75b4783761f0,Chicago,4,1,1,0.0,London,False,0.0
7265e144-83f1-4dde-919b-685ea6cef315,Adelaide,0,1,1,0.0,London,False,0.0
728fb815-35b4-46a8-b08e-dc22781e027c,Vancouver,4,1,1,0.0,Philadelphia,False,0.0
73d54599-08b2-4a97-ad5d-ffa5958e6a05,Chicago,4,1,1,0.0,Manhattan,False,0.0
7410e4ae-0c79-4bbb-9206-1503c0036cc6,Milan,3,1,1,0.0,Rome,False,0.0
74310854-dbd9-41a9-a205-93ce5f83a5cc,Paris,3,1,1,1.0,Paris,False,0.0
748722bb-6b40-4d7f-afaa-b06778601d86,Queensland,0,1,1,0.0,London,False,0.0
74876aac-7550-4bcb-bfe1-526834104664,Melbourne,2,1,1,0.0,Belgium,False,0.0
749667d5-f089-4496-887e-8f3f276979b9,France,1,1,1,0.0,Denton,False,0.0
74f5d22d-aab9-4530-9c91-1647ad0dffe1,London,2,1,1,1.0,London,False,0.0
7543e343-7ca1-4534-a82b-1f4a0837ddc7,Boise,0,1,1,0.0,Boston,False,0.0
75931b54-c56e-470f-8a8a-a1e9daae990a,Scotland,3,1,1,0.0,Paris,False,0.0
75c75375-4203-4163-8519-328a419d3077,Columbus,0,1,1,0.0,Salzburg,False,0.0
75d73225-319c-43fe-86df-4422c7c7525f,Windsor,2,1,1,0.0,London,False,0.0
75f877c9-4fa6-4fd7-af1c-ac6eb59572dc,Warsaw,3,1,1,1.0,Warsaw,False,0.0
7643c16f-a9d8-4c7f-a630-337087949729,London,3,1,1,1.0,London,False,0.0
76b8ba96-0f02-4b67-99ec-452dbab55e11,Genoa,4,1,1,0.0,Venice,False,0.0
76c8a5a3-1000-4f36-9e7e-de582d533bd9,Paris,3,1,1,1.0,Paris,False,0.0
76f6b9f1-3e7b-4d9f-8224-9d971470e242,Berlin,2,1,1,0.0,Brooklyn,False,0.0
7728544e-5144-4d3e-b473-a31106d62a3b,Lexington,1,1,1,0.0,Chicago,False,0.0
78736b37-e339-4273-8dda-0f1706374cf1,Beijing,0,1,1,0.0,Shanghai,False,0.0
78b49c4b-0d49-4c0a-9652-846145936ddc,Copenhagen,1,1,1,0.0,London,False,0.0
78d2fe8b-c416-4a0d-a9b1-4749e3187436,Paris,4,1,1,1.0,Paris,False,0.0
793d8676-6f02-4ba9-b9d0-ebf187ea4331,Paris,1,1,1,1.0,Paris,False,0.0
7968399e-8e93-4b93-ae8c-081ebb060fc3,Winnipeg,4,1,1,0.0,London,False,0.0
79bfe3db-1abf-47bf-828e-ad6b48a5a620,Vietnam,1,1,1,0.0,Shanghai,False,0.0
79c4c3dd-20a4-47d2-8e35-43621ec9a618,Liverpool,1,1,1,0.0,Toronto,False,0.0
79c93394-ac3f-494a-8e73-cca5b2e71e89,Brighton,4,1,1,0.0,London,False,0.0
7a53eda8-d856-45c5-a11b-03aa5e185ff8,Germany,3,1,1,0.0,Morocco,False,0.0
7c134c88-2abb-4729-b5f1-9868fea980ac,Lexington,2,1,1,0.0,London,False,0.0
7c5aae73-bc2e-46fd-a1fe-1ac4e35ce691,Granada,1,1,1,0.0,Cuba,False,0.0
7d033e15-fdfb-425e-a9f9-c0e4398e4dcc,Milwaukee,1,1,1,0.0,Birmingham,False,0.0
7d134fff-5674-4b27-bc31-2403b71b24cf,Berlin,1,1,1,0.0,Paris,False,0.0
7d2fa0f3-37bb-409a-ad97-7ee8eaac5a76,Buffalo,4,1,1,0.0,London,False,0.0
7d7f5d99-769b-473e-8eec-960b47b949a3,Pierre,2,1,1,0.0,Houston,False,0.0
7da5de5f-7e4a-417c-9554-3470a71c4b0e,Glasgow,4,1,1,0.0,Cambridge,False,0.0
7e0cbfca-8b8f-4b2d-81ca-2ae3f83f145f,California,4,1,1,0.0,Madrid,False,0.0
7e2b12d6-8f60-4cd1-bb58-d781d8b19970,Houston,2,1,1,0.0,London,False,0.0
7e6f77b9-e263-432d-a54a-47f1db22b31c,Cuba,2,1,1,0.0,Boston,False,0.0
7e740c0f-f23f-4c0d-811c-5e26cd6f48db,Paris,3,1,1,1.0,Paris,False,0.0
7ecf55bc-b719-4c08-b149-d30482e3f2c0,Naples,1,1,1,0.0,London,False,0.0
7f764f18-f779-4c96-a71a-b59c1299aa59,Helsinki,2,1,1,0.0,London,False,0.0
80266017-53ba-4957-b2a9-edbae2c42e9f,Turkey,0,1,1,1.0,Turkey,False,0.0
8039a73b-f2d3-4cff-87a2-140b1e77b55b,Glasgow,1,1,1,0.0,Dallas,False,0.0
803f4d3a-832c-4505-bf65-b2f24548b658,Melbourne,1,1,1,0.0,London,False,0.0
80428c13-d7e9-4a67-99df-3351ceaca941,England,1,1,1,0.0,Toronto,False,0.0
80e59b41-8105-4bf8-847b-05485ecd1b1b,Vienna,0,1,1,0.0,Paris,False,0.0
810b0b06-ebaf-4466-85da-125beeb26c73,Manhattan,1,1,1,0.0,London,False,0.0
8111e7aa-bf08-4c95-978a-287b5b673df9,Glasgow,3,1,1,0.0,London,False,0.0
8180a16d-2958-419e-affe-99df058ea3f1,Lexington,4,1,1,0.0,London,False,0.0
819bd842-9d59-4780-89f9-69b690e76f7d,Pembroke,2,1,1,0.0,Brighton,False,0.0
822dc32d-84e1-4812-9208-3f62347563db,Melbourne,4,1,1,0.0,Amsterdam,False,0.0
840b932c-b4d5-4556-869f-9b8ba370da85,Raleigh,3,1,1,0.0,Henderson,False,0.0
8434a754-4832-49d1-ab0b-415c3356a563,Munich,1,1,1,0.0,Stockholm,False,0.0
84a6f930-65b6-415a-825b-c4f230cb3a26,Paris,3,1,1,0.0,London,False,0.0
84a97136-68b3-409e-8641-569e195866aa,Hereford,2,1,1,0.0,London,False,0.0
854d1f7c-d892-4245-8ee2-db4ab4806897,Oklahoma,4,1,1,0.0,Paris,False,0.0
85d98b59-1397-47c0-993c-87b1b7051333,Frankfurt,1,1,1,0.0,Munich,False,0.0
85deeb8b-42b9-4d2f-a1a9-cc2e4549284a,Rome,3,1,1,0.0,Boston,False,0.0
85fe3c20-a130-4efa-ba15-25fbf0622f0b,Norwich,4,1,1,0.0,England,False,0.0
863a0e94-7b5d-404f-8765-e011f08f326e,London,1,1,1,0.0,Wakefield,False,0.0
86cab14e-ddce-44a8-b2a0-f773e9d898b8,Edinburgh,3,1,1,0.0,London,False,0.0
86f4f104-1886-406e-8223-8de8ac2bd855,Fitzroy,2,1,1,0.0,London,False,0.0
878b4a82-f8fb-4851-b8fc-d101dd3c03e5,Richmond,0,1,1,0.0,London,False,0.0
87ba474c-18ad-4ca0-b11a-deca89ee3a62,Perth,0,1,1,0.0,London,False,0.0
8832d267-5d62-42f6-986d-2a23cc6ac690,Paris,3,1,1,1.0,Paris,False,0.0
8839f3c6-515e-4016-9451-25ee7ce3f6c4,Birmingham,3,1,1,0.0,Berkeley,False,0.0
887d357a-5726-45d2-9f1b-a7143cfcf67e,Manhattan,4,1,1,0.0,London,False,0.0
888831a4-1e27-4d99-9c5b-fe79ef713fac,Brisbane,0,1,1,0.0,London,False,0.0
8931cae7-e80f-4663-a35a-9e71da99ae6f,Berkeley,4,1,1,0.0,Boston,False,0.0
89468b62-78ed-493e-8f46-66a957ac8642,Bedford,0,1,1,0.0,London,False,0.0
896e9bd9-79e1-459a-97aa-04826cf07677,Southampton,4,1,1,0.0,London,False,0.0
89cf8e9a-0168-4e3f-a4a0-f5883eafc2cd,Nanjing,3,1,1,0.0,Beijing,False,0.0
89de32b5-33a6-4736-8720-a145046150e0,India,1,1,1,0.0,London,False,1.0
8a1a0238-485f-4c43-8c08-c96c26f6f4fe,Boston,2,1,1,0.0,London,False,0.0
8a39d569-c815-496b-bb06-6d59e2669267,Ottawa,0,1,1,0.0,London,False,0.0
8a3e75fd-af9a-4f67-a72e-33b49379dc8d,Norfolk,2,1,1,0.0,Philadelphia,False,0.0
8abd6f37-38a7-4caa-9a9f-a2357c348bb5,Wilmington,4,1,1,0.0,Salzburg,False,0.0
8ad53b40-5d05-47c3-9dd2-dd01d3de2055,Seattle,3,1,1,0.0,Paris,False,0.0
8b0322bd-1a43-43b8-b832-093aabfb05f6,Warsaw,0,1,1,0.0,Boston,False,0.0
8b74f098-0d9c-4234-a085-a3bc72ce63f0,Madrid,4,1,1,0.0,Paris,False,0.0
8bb58a04-92cb-4cd4-8359-a1abf627a7cb,Leeds,1,1,1,0.0,Toronto,False,0.0
8c422cc2-f54c-449d-aa29-be42a82edf95,Jersey,3,1,1,0.0,Paris,False,0.0
8c6b3d8f-4df2-4c80-b327-dff0afb1ed94,Rome,4,1,1,1.0,Rome,False,0.0
8d807e1d-2f4a-4720-aa08-5fba17933a8a,Salford,0,1,1,0.0,London,False,0.0
8e8cc444-beb8-4735-b476-c4048f40bf44,Cambridge,3,1,1,0.0,Clifton,False,0.0
8ec742a1-d6e4-49f5-a0dd-545b2c9f0872,Delhi,2,1,1,0.0,Karachi,False,0.0
8f106e0d-7b69-4a07-847d-c0dcf742398e,Ottawa,1,1,1,0.0,Amsterdam,False,0.0
8f4ee5ce-d21a-4f42-a751-1ac1e0c643fd,Manhattan,4,1,1,0.0,Denton,False,0.0
8fc9b494-86f7-42d1-af26-ff7d286cb703,Georgetown,4,1,1,0.0,Lexington,False,0.0
8fd313ff-b212-44e4-9aed-5ca0c34f9741,Lahore,2,1,1,0.0,Algiers,False,0.0
906df13f-ad4b-4a56-a17a-6f962ae7e953,Warsaw,4,1,1,1.0,Warsaw,False,0.0
9078e971-a7f8-47ee-b357-c9b562e5b421,Switzerland,2,1,1,0.0,Paris,False,0.0
90b16cb6-badb-4c41-8b2b-96624dfb902a,Chicago,0,1,1,1.0,Chicago,False,0.0
91230045-bb31-4e24-9858-9e568fece034,Toronto,2,1,1,0.0,London,False,0.0
923ca71e-4787-4c81-9c95-41f7766897f4,Boston,1,1,1,0.0,London,False,0.0
92b1a7da-fa5a-4610-bb7a-d521ebc5b4ff,London,3,1,1,0.0,England,False,0.0
9307afba-d4ca-4bbc-9781-6d305921b3d2,Tokyo,1,1,1,0.0,Honolulu,False,0.0
94b9d188-1cf7-44f9-8579-52878f59e162,Montreal,1,1,1,0.0,Chicago,False,0.0
94bc35ad-2e01-47a5-8134-30936e61678c,Durham,3,1,1,0.0,London,False,0.0
94e04c68-ed98-41cd-af52-1186f00aa73c,Bismarck,3,1,1,0.0,Manhattan,False,0.0
94fa1fbc-9434-4cc8-8046-d03067c3558b,Moscow,0,1,1,0.0,Philadelphia,False,0.0
956fd779-947a-415b-8ab6-953428439242,Virginia,3,1,1,0.0,Lexington,False,0.0
95be146b-01aa-4171-8cc3-1c3804be3f71,London,3,1,1,0.0,Bristol,False,0.0
95d44237-b67f-4c14-bb0c-82a12318fd10,Brighton,1,1,1,0.0,London,False,0.0
95d891d0-f7a2-407e-b9ee-04c98ca0dd37,Warsaw,2,1,1,1.0,Warsaw,False,0.0
95f4f6e0-1ee5-4cfd-8162-13ac819caecf,Turkey,4,1,1,0.0,Moscow,False,0.0
964e219f-4b50-44d5-9290-135cc717529e,Florida,4,1,1,0.0,Chattanooga,False,0.0
966a8b45-ea07-4248-9f3e-12ffc151ab45,Paris,4,1,1,1.0,Paris,False,0.0
9700b6bb-60c2-4db1-bcf3-6aa0961e450a,London,0,1,1,1.0,London,False,0.0
97114c51-ffd7-4f7a-af1d-657a2de9b7a1,Iowa,4,1,1,0.0,Milwaukee,False,0.0
97360091-52ab-4b4d-b196-c2160899efc2,Kansas,4,1,1,0.0,Strand,False,0.0
97483332-dd08-45d5-8181-a4438756c351,Madrid,4,1,1,0.0,Lisbon,False,0.0
978c9507-dc9f-4b40-b787-5d58090d3bf1,Reading,1,1,1,0.0,London,False,0.0
98081b11-4b91-49d9-8ff7-c0e13c04a992,Leicester,4,1,1,0.0,London,False,0.0
983a0264-cbf8-487b-ba0c-537d63e13bec,Oxford,2,1,1,0.0,Wellington,False,0.0
988e2697-e1e6-40ef-811c-bb2cb5e494a8,Havana,4,1,1,0.0,London,False,0.0
99cf1942-e929-4252-902d-d5e4c85f08c7,Salisbury,1,1,1,0.0,Macon,False,0.0
99ec4f1f-9c3f-4dbd-84f9-0628523150ce,Middlesex,0,1,1,0.0,Boston,False,0.0
9a151c6b-c357-491b-865f-c0d1ea053f63,Sofia,2,1,1,0.0,Prague,False,0.0
9a68211a-244f-4e0c-8aae-1d3ff14a43ca,Cambridge,3,1,1,0.0,London,False,0.0
9ac8fc06-e620-4189-80a4-ce7e9412ff55,London,1,1,1,1.0,London,False,0.0
9b52d6eb-e82e-4074-b16f-c5922abb6cd6,Pune,4,1,1,0.0,Inverness,False,0.0
9b55c7ec-3461-486d-9b4c-8f3cff2f3663,Toulouse,2,1,1,0.0,Paris,False,0.0
9c3276fb-4148-4530-aa39-a41ce8adbeb4,Bologna,0,1,1,0.0,Rome,False,0.0
9ca3c12f-c550-4b4d-bead-9f4b5b92e917,Alexandria,3,1,1,0.0,Vancouver,False,0.0
9ce724c0-a587-4a4e-9888-f6302fe8e6b0,Sydney,3,1,1,0.0,London,False,0.0
9d3f1721-8091-43b3-a0fe-2500a8055c47,Stamford,4,1,1,0.0,London,False,0.0
9dd28dd0-dba2-4b42-b251-020b170fa754,Vienna,2,1,1,0.0,Berlin,False,0.0
9deee11c-e9ec-4991-8416-4878a43301c3,Helsinki,0,1,1,0.0,Rochester,False,0.0
9df37430-e859-4571-aa94-2b48e6a71acb,Minsk,0,1,1,0.0,Warsaw,False,0.0
9dfda396-5cbe-4117-9a02-2dd8262deaf1,London,1,1,1,1.0,London,False,0.0
9e7b37b6-7c3b-4736-ac98-c98676fc5b57,Manhattan,3,1,1,0.0,Rome,False,0.0
9e9fa9b6-73e9-4f92-83e3-d0dbced8beba,Lancaster,4,1,1,0.0,London,False,0.0
9f358281-4414-4d0f-9936-8f79c563bac5,Brooklyn,1,1,1,0.0,London,False,0.0
9fc8f42c-bd6e-48f7-bf60-93625a1ec5b8,Iran,2,1,1,0.0,Morocco,False,0.0
9ff7cea3-c614-4a9a-bc55-e33630e8f72a,Prague,0,1,1,0.0,Warsaw,False,0.0
a097e806-4513-4552-b9d5-026101594974,Tucson,0,1,1,0.0,Lexington,False,0.0
a0bd420e-2ec0-4c7c-a063-23da4f51c825,London,1,1,1,0.0,Bristol,False,0.0
a10ea4be-fd85-40b3-932c-f18c8f935049,Manhattan,2,1,1,0.0,London,False,0.0
a13c6efa-cfef-4b71-a385-f7325b29817a,India,3,1,1,0.0,Vienna,False,1.0
a19da98f-2b1e-469a-9f08-43846cd2e222,Scotland,4,1,1,0.0,London,False,0.0
a1f2d843-63ea-43c4-ae99-c937e4771852,Harrisburg,2,1,1,0.0,Cambridge,False,0.0
a262ac35-1158-4dfd-9b8b-529d4df2b7a3,Shanghai,1,1,1,0.0,London,False,0.0
a3a0dffe-1df4-47a9-9618-16ddcc1e894a,Brunswick,0,1,1,0.0,Paris,False,0.0
a3cfa736-bba8-4c6f-bcfc-23c30962bcc9,Florence,1,1,1,0.0,Rome,False,0.0
a4997193-468e-4e19-be1d-f6e98927f768,Paris,3,1,1,1.0,Paris,False,0.0
a4faf023-bb68-497c-96d1-46636f7bea41,Paris,1,1,1,0.0,Madrid,False,0.0
a5226ff1-d017-4deb-9c54-9fefddcdb72f,Erie,4,1,1,0.0,Bangor,False,0.0
a5768ce0-bc8c-4a20-bf84-9f2190237ee3,Nottinghamshire,1,1,1,0.0,Denton,False,0.0
a58a5e49-e3bc-4723-b29d-606dc3220f36,Oxford,1,1,1,0.0,Milwaukee,False,0.0
a59f91f4-a901-46e7-be75-f133091fd2a3,London,0,1,1,0.0,Brooklyn,False,0.0
a5bded32-a6ab-43ea-b049-8b3fc52ce1b5,Toronto,2,1,1,0.0,London,False,0.0
a5d9f685-2fac-4ad1-9adc-32f0e0522623,Venice,4,1,1,0.0,Germany,False,0.0
a67df283-4bd8-4c95-a71b-382b83a6c550,Cleveland,1,1,1,0.0,Trenton,False,0.0
a6cf24ee-663d-4d51-a099-7930bf004e26,Manhattan,3,1,1,0.0,London,False,0.0
a6dd4d5d-bbcb-46d3-89e6-857d8d5a7d5b,Milwaukee,3,1,1,0.0,London,False,0.0
a7482cac-fb8d-4290-a1da-0869c329cb5f,Stockholm,3,1,1,1.0,Stockholm,False,0.0
a74876a0-8a10-4dbc-b136-679de741e7a3,Naples,0,1,1,0.0,London,False,0.0
a767c714-9813-4592-8de3-c32867518a3a,Amsterdam,2,1,1,0.0,London,False,0.0
a798e252-abea-4301-8f3a-3aa4a79ca230,Rome,2,1,1,1.0,Rome,False,0.0
a7f93080-7a69-49d0-9dc8-5fbcbbc5231e,Germany,3,1,1,0.0,Oklahoma,False,0.0
a8218610-9386-49d0-8160-b98adc01b139,Vienna,0,1,1,0.0,Stockholm,False,0.0
a869488a-f2ea-4fdd-a634-54d9ec352276,Baltimore,3,1,1,0.0,London,False,0.0
a876c2a5-3fe4-4584-a367-8a0197abe9df,Brooklyn,3,1,1,0.0,Boston,False,0.0
a91803d0-62fb-4a18-b7b8-eafce0f0cb49,Kolkata,0,1,1,0.0,Montreal,False,0.0
a93a1a1d-72e3-4b02-b2d5-f805fe491c3f,Berkeley,0,1,1,0.0,Paris,False,0.0
a98b6c29-5773-49ca-9db9-f6f95d345487,Clifton,4,1,1,1.0,Clifton,False,0.0
aa16d619-7858-4a9d-9f3d-797900ea1618,Belfast,3,1,1,0.0,London,False,0.0
aa3a7b3f-c56f-4839-b95d-49acdbf6a366,Rome,1,1,1,0.0,Paris,False,0.0
aa54173d-0168-446a-a4cc-68d7e5fb6604,Birmingham,2,1,1,0.0,London,False,0.0
aa56187b-9ac3-48c1-895c-4aca4b25f05e,Belgium,4,1,1,0.0,Warsaw,False,0.0
aa8a9f48-e32b-4142-b829-c32bef3a6f08,London,0,1,1,0.0,Sunderland,False,0.0
ab30dbcd-004e-49ad-8680-77ed7b96618d,Providence,4,1,1,0.0,London,False,0.0
ab44d395-136c-488a-b82d-4239a04e884b,Wales,3,1,1,0.0,London,False,0.0
ab7e0ec0-c662-4612-a824-2b02def4fa1d,Toronto,1,1,1,0.0,Salzburg,False,0.0
aba5ddfd-1fa2-455e-905f-d8b4b763055f,Paris,4,1,1,1.0,Paris,False,0.0
abbe97a1-bf4f-4458-b826-4ae1d70139de,Genoa,1,1,1,0.0,Rome,False,0.0
ac16b338-74f6-433b-8ce2-a622ca95a19b,Milton,0,1,1,0.0,Berlin,False,0.0
ac21a160-9db1-435a-ac3c-cd3af1a48608,Morocco,1,1,1,0.0,Paris,False,0.0
ac8904fc-b792-4cd7-9ab8-d3ee0d70be2e,Montreal,2,1,1,0.0,Belgium,False,0.0
ad36a7dd-1d70-43e8-86e2-67601b19a231,Mobile,3,1,1,0.0,Sunderland,False,0.0
ad6bf479-aca7-48c3-81fc-d08fdd961ff8,Rome,0,1,1,1.0,Rome,False,0.0
ad6dbef4-3027-46a4-a646-7ef56b9e4dc7,Rome,0,1,1,0.0,Venice,False,0.0
ad845894-a074-4c46-93db-fa12322a2674,Boston,4,1,1,0.0,London,False,0.0
ada6895f-5620-4057-9742-0335c0716744,Cyprus,1,1,1,0.0,Switzerland,False,0.0
addf65e7-ab79-4d51-846d-0a6a6f523184,Prague,0,1,1,0.0,Augsburg,False,0.0
adf4fd2a-50a7-4941-a1af-e5bf8d14dedc,Liverpool,1,1,1,0.0,London,False,0.0
ae0f9d49-7d2f-454e-af46-94c704ddd83f,Australia,1,1,1,0.0,London,False,0.0
ae265527-bbf2-4a13-8a57-d50af533ffa5,Montreal,1,1,1,0.0,London,False,0.0
ae9091d2-259a-48f0-9023-4b9e3726a157,Darwin,0,1,1,0.0,Milan,False,0.0
ae95fa6f-0511-4310-b96e-c8072a912565,Greenwich,4,1,1,0.0,London,False,0.0
af5dac87-19ce-47b5-a733-34e49c8dbbf2,Glasgow,2,1,1,0.0,Paris,False,0.0
afbcac73-f91e-4a6f-b66f-e2dfd58aaa35,Luxembourg,0,1,1,0.0,Paris,False,0.0
b003e0b7-a333-4237-8881-b77e6527a408,Mansfield,4,1,1,0.0,London,False,0.0
b08696cb-1ef2-4bad-986c-ec0189957ee8,Montreal,1,1,1,0.0,London,False,0.0
b123600d-caf2-479f-922f-3ff4f4b1552e,Detroit,0,1,1,0.0,Melbourne,False,0.0
b3937d55-a6bd-4506-97a2-cc9163c0f1de,Santiago,3,1,1,0.0,Madrid,False,0.0
b3f58a7f-0e66-4e63-9e6f-1351a00f1676,Jerusalem,0,1,1,0.0,Madrid,False,0.0
b4557c5e-a74e-4de6-807c-a37e17880469,Illinois,0,1,1,0.0,Chicago,False,0.0
b4676d0b-f3c8-41ec-bc53-fd42ad450e2b,Cornwall,0,1,1,0.0,Melbourne,False,0.0
b4d31c6e-eb7f-430e-a2a3-071ffe776f8d,Berlin,1,1,1,0.0,Manchester,False,0.0
b5065c47-64c3-4809-b756-76594b11ae6f,Dunedin,3,1,1,0.0,Manhattan,False,0.0
b5c95af4-f2df-4fe3-9d77-978e62d48e65,Manchester,1,1,1,1.0,Manchester,False,0.0
b63accad-6061-4943-8b29-85b07be9057d,Warsaw,0,1,1,1.0,Warsaw,False,0.0
b64dd9ce-7c2f-41cf-a6a1-fe30eea84c7b,Hastings,4,1,1,0.0,London,False,0.0
b666eec3-c3d7-416b-a6af-79ab9dd7b239,Raleigh,3,1,1,0.0,London,False,0.0
b68226c9-dbe9-477b-a3bd-c3a52897faf4,London,3,1,1,1.0,London,False,0.0
b6924b48-5698-4276-b1db-522f4d4c1a84,England,4,1,1,0.0,London,False,0.0
b6b7b4cc-8cfb-4e59-8880-a3285ceba988,Melbourne,1,1,1,0.0,Chicago,False,0.0
b7216ab4-2b93-49b3-b981-5cb047d00229,Montreal,2,1,1,0.0,Paris,False,0.0
b74c872b-fa92-44a2-a3a1-5bf6f8e7b389,Morocco,0,1,1,0.0,Warsaw,False,0.0
b75bb164-d16f-4728-89b9-8704b744144e,Brooklyn,2,1,1,0.0,Vienna,False,0.0
b7877720-9961-4f64-a6e6-e96e00c8fce0,Portugal,2,1,1,0.0,London,False,0.0
b84cc22e-fec9-40f7-bf73-bf6c51a1e613,Rome,1,1,1,1.0,Rome,False,0.0
b9e40269-ac51-4fe6-b587-4cf1a0c6c70b,Sydney,2,1,1,0.0,Paris,False,0.0
ba0a9ba5-ffeb-4f92-ae29-d9a604304120,Edinburgh,2,1,1,0.0,London,False,0.0
ba84c557-b389-451d-841c-59bdfb47f8e6,Bristol,4,1,1,0.0,London,False,0.0
ba894fd6-8e53-4851-929d-111e4ff1bcfb,Rome,0,1,1,1.0,Rome,False,0.0
bab7d7d0-bab7-4dca-b85d-87cc472857c6,Rome,2,1,1,1.0,Rome,False,0.0
bb08ac96-2051-4ec4-9bdf-79dc5fe91948,Athens,1,1,1,0.0,Rome,False,0.0
bb5047ba-9715-461b-b615-4f53f1216064,Lyon,1,1,1,0.0,Paris,False,0.0
bb88518b-d2e3-45af-8249-a1543ed87e70,London,1,1,1,0.0,Moscow,False,0.0
bb92584e-c6c1-46ac-ba82-ce46b3fe6f0d,Paris,2,1,1,1.0,Paris,False,0.0
bc525313-1c9e-4d14-8878-0d78478ea373,Israel,0,1,1,0.0,London,False,0.0
bc61f526-8ed6-48af-96f5-3af9150bbdd3,Dublin,3,1,1,0.0,Lexington,False,0.0
bc65e0ca-2535-4ef5-b688-abcc2fb32a60,Syracuse,1,1,1,0.0,Salzburg,False,0.0
bc661b20-72c2-4e06-b78f-fb00d0b58eb5,Colchester,2,1,1,0.0,London,False,0.0
bc6a1617-b37f-48e5-8f27-d688b046e9fe,Vienna,4,1,1,0.0,London,False,0.0
bc6da50b-82fd-43bb-ae9f-17054a27db90,Elgin,3,1,1,0.0,London,False,0.0
bccca6b5-c67b-4a0a-a6e4-1ab290e34a8e,Philadelphia,1,1,1,0.0,Lancaster,False,0.0
bd2dada5-f451-465f-af32-2e0a5e60a557,Paris,2,1,1,1.0,Paris,False,0.0
bd6593b3-008b-4f9f-b5d2-fa515829ed59,Amsterdam,1,1,1,0.0,Paris,False,0.0
bd783567-9cad-4615-8111-85f6681ab316,Portland,1,1,1,0.0,Chicago,False,0.0
bdf577fb-247b-4c5f-9867-7d2a5a3baa51,Honolulu,3,1,1,0.0,Scotland,False,0.0
be13bc73-9272-4daf-8179-a67686e87b0f,Baltimore,4,1,1,0.0,Lexington,False,0.0
be3c3f69-c866-490a-b155-4085536f5c53,Philadelphia,3,1,1,0.0,London,False,0.0
be9b98bb-e467-4140-a963-ce0b886b7dbb,Orlando,4,1,1,0.0,London,False,0.0
bedf566f-95a0-4088-b256-c0358d1b5209,Detroit,4,1,1,0.0,London,False,0.0
bf84d52f-ac27-42bc-85d7-71d8be32907e,Edinburgh,3,1,1,0.0,Houston,False,0.0
c0671acb-f61b-4e4a-b304-ded5f265140a,Austin,4,1,1,0.0,Chicago,False,0.0
c127f83a-58da-4d9e-871c-08d68580c049,Zagreb,1,1,1,0.0,Warsaw,False,0.0
c135669c-4276-4d79-a77f-2274770bb54c,Cheshire,0,1,1,0.0,Boston,False,0.0
c17cb4d8-d09f-40b5-ba08-c53045222326,Budapest,4,1,1,0.0,Glasgow,False,0.0
c1aa55de-0e12-40b6-9b44-63e6c3a1b910,Baltimore,4,1,1,0.0,Stockholm,False,0.0
c1caeb1d-9cff-4f36-b666-5ae1771986a2,London,3,1,1,0.0,Manchester,False,0.0
c265bcb1-73b9-4815-8474-0524253f4aff,Manchester,4,1,1,0.0,London,False,0.0
c3571a08-d3fd-4f22-9311-a54d2afc70e0,Palermo,1,1,1,0.0,Rome,False,0.0
c399af73-4bfa-4f05-b962-50931deb8d92,Lisbon,0,1,1,0.0,Madrid,False,0.0
c3d64c32-7ae6-49b6-aa92-b362353d6c18,Macon,0,1,1,0.0,Paris,False,0.0
c411c16e-de40-4f53-8dd2-1c574c690ae9,Inverness,3,1,1,0.0,Scotland,False,0.0
c4361534-3edb-4cf8-88bf-950a231a2a84,Venice,0,1,1,0.0,Milan,False,0.0
c45184f3-c877-48ae-b632-0158198758ff,Southampton,4,1,1,0.0,London,False,0.0
c473697b-6bf3-4e13-b545-3208ee5f37de,Milan,4,1,1,0.0,London,False,0.0
c4dcb5e3-571c-4c5f-b41e-662a6876eb1f,Bucharest,4,1,1,0.0,Warsaw,False,0.0
c52ca38c-b4f2-42d0-b31c-dcfbd3de832c,Manchester,4,1,1,0.0,London,False,0.0
c571362a-3b1a-4be3-a731-e0fb096020bc,London,0,1,1,1.0,London,False,1.0
c61a6675-8c60-4841-94f5-a57f06b487a1,Detroit,3,1,1,0.0,London,False,0.0
c67374e3-9f6a-4e44-ad79-44bef69c6500,Seville,2,1,1,0.0,Madrid,False,0.0
c6dcd621-6d71-4c02-89e8-dd56dcf7fefc,York,3,1,1,0.0,London,False,0.0
c6e3c44c-cfb7-41ed-bf63-1c1abf952c99,Detroit,3,1,1,0.0,Bow,False,0.0
c7825152-2f7c-44fa-aa39-ccc15d38c4a5,Reading,4,1,1,0.0,Bangor,False,0.0
c7f5607e-23e3-4697-b2dd-8710a4e1457c,Stockholm,3,1,1,1.0,Stockholm,False,0.0
c81383a4-81a3-419c-b575-7c711b3a5594,Tallinn,2,1,1,0.0,Heidelberg,False,0.0
c88884fd-fa58-4c28-97ba-0c8ce16b0cfb,Milan,4,1,1,1.0,Milan,False,0.0
c88e704a-32da-4a9d-a3fb-809ca6268995,Warrington,0,1,1,0.0,London,False,0.0
c8a299cf-9efd-4884-8049-a015a4d5fb92,Denton,3,1,1,0.0,Boston,False,0.0
c8d921ba-9781-4581-b5b5-0aa9a69870ec,London,2,1,1,0.0,Manchester,False,0.0
c8daeabc-3a7c-45bb-ab86-4e5abe3db798,Concord,2,1,1,0.0,Prague,False,0.0
c8e76fda-d99c-4374-ad70-1eec0cc43878,Syracuse,1,1,1,0.0,London,False,0.0
c8f5c1ed-2ab1-4b6f-bee1-9013f4452f93,Seattle,2,1,1,0.0,London,False,0.0
c9dbce81-514e-4795-9fd2-effe735f03c8,Santiago,3,1,1,0.0,Toulouse,False,0.0
ca23913e-87bf-4e5a-9fb5-c6285c56ebcf,Utrecht,0,1,1,0.0,England,False,0.0
ca290659-e835-4f9f-863d-e61e506e3366,Glasgow,1,1,1,0.0,Brighton,False,0.0
ca398d26-e94c-464f-bc2a-06b481b9dffc,Edinburgh,2,1,1,0.0,London,False,0.0
ca3ffb8d-cc3a-44ac-9a3b-e5ee0a8486fe,Dublin,1,1,1,0.0,England,False,0.0
ca46a889-25bf-4ded-bb39-6021da0e15d9,Yorkshire,3,1,1,0.0,London,False,0.0
ca862a2f-0948-40d2-9fc3-1e7d13eb19c4,Colorado,1,1,1,0.0,England,False,0.0
cab1c07d-0df1-4baf-85f5-c79327de2739,Macon,3,1,1,0.0,London,False,0.0
cbc01ce1-72f7-4f84-ac9f-6df32891f649,Wellington,2,1,1,0.0,Melbourne,False,0.0
cbe5e3d1-7c6f-430d-8cba-381adad959b7,Warsaw,4,1,1,0.0,London,False,0.0
cc029e12-903c-42ba-bc69-bdabbb8f68b8,London,0,1,1,0.0,Cheshire,False,0.0
cc184b78-03a0-4cfb-8dec-c843fdceebc2,Florence,3,1,1,0.0,London,False,0.0
cc1bda5b-5edc-4b60-b640-7737f2670ba7,London,2,1,1,0.0,Manhattan,False,0.0
cc2b9999-ccb7-4af7-8240-c8c56ecb724a,Manhattan,2,1,1,0.0,London,False,0.0
cc328818-2ef0-43a2-b02a-9b36ca177395,Argentina,2,1,1,0.0,London,False,0.0
cc7f3de7-44a2-468c-ad42-bff84a7e65b6,Oslo,2,1,1,0.0,Stockholm,False,0.0
cd3606c6-88f2-47ee-af3c-233afc1a3ff8,Salzburg,3,1,1,0.0,Heidelberg,False,0.0
cd3a9722-4027-4ee1-98d8-8707fdccf526,Bangor,1,1,1,0.0,Detroit,False,0.0
cd8b598d-5c8e-4f18-874f-23de7a90e9a6,Grove,2,1,1,0.0,Orlando,False,0.0
cdcdb1b9-0d90-401a-832c-e8487c61a41b,Massachusetts,3,1,1,0.0,Zagreb,False,0.0
cdefff1f-801a-4f44-b4b2-24fc6e992f19,Shanghai,4,1,1,1.0,Shanghai,False,0.0
cdf7f892-d494-4116-b5de-d7d3b9fc5580,Manchester,4,1,1,0.0,Boston,False,0.0
ce9da270-9a48-438c-88e7-094cc782590b,Minnesota,1,1,1,0.0,Warsaw,False,0.0
cf9a9552-ffd2-4e5b-8630-8477dc45ee3a,Turkey,2,1,1,0.0,Stockholm,False,0.0
cfb2d5d9-6410-4f18-90cf-59a4aafb5c0d,Syracuse,0,1,1,0.0,London,False,0.0
cff375e3-4ff1-4a13-9e13-f6746a310bd1,Montreal,3,1,1,0.0,Chicago,False,0.0
d0ba15a7-d95a-45cf-b659-9ab2e8d70bbe,Trenton,1,1,1,0.0,Brighton,False,0.0
d1502491-9964-4d24-a060-2ab6dc4ccf1f,London,0,1,1,1.0,London,False,0.0
d16924e3-b4ea-42bf-9754-640cadc4d3ed,Rochester,1,1,1,0.0,Moscow,False,0.0
d1a8b56f-957d-4978-9364-f713531a2e98,Milan,2,1,1,0.0,Rome,False,0.0
d2754b7f-8093-40a2-90be-48bc62b53c33,Kazan,3,1,1,0.0,Vienna,False,0.0
d2b20b51-3999-45b1-b36e-81e29d08b9ec,Chicago,0,1,1,0.0,Baltimore,False,0.0
d2bd28e5-b9d9-4106-ac5f-098a2375b370,Cheyenne,3,1,1,0.0,Vancouver,False,0.0
d2c50ba6-dfac-40d5-ad70-84423cd780b6,Kent,0,1,1,0.0,Brooklyn,False,0.0
d3caa9c4-a0e3-46d9-a707-4d2cd3d5d7e1,Sydney,4,1,1,0.0,Milwaukee,False,0.0
d3d244a0-3d01-49e8-8a94-d3e010997d29,Madrid,1,1,1,1.0,Madrid,False,0.0
d3eb5801-8513-43e4-85ba-395c89d31216,Everett,3,1,1,0.0,Madrid,False,0.0
d44e5f26-d98d-4f79-8cb4-daa862369c53,Warsaw,0,1,1,0.0,Paris,False,0.0
d51cb078-d0ba-4fef-8a37-7ecc80cf9962,Middlesbrough,4,1,1,0.0,Glasgow,False,0.0
d5c8c238-8a9e-4d0e-86ec-030e07dc4797,Portsmouth,0,1,1,0.0,Milan,False,0.0
d605d4a1-2d91-4662-8ec5-0c2efbeea9a4,London,0,1,1,0.0,Orlando,False,0.0
d60f9be7-023b-4f38-a341-98b93d5135ae,London,4,1,1,0.0,Manhattan,False,0.0
d656cfde-7a52-4265-aba0-ba0f631e099c,London,1,1,1,0.0,Manchester,False,0.0
d721e32b-a7f5-4873-89d1-19f92d4e6b9f,Jamaica,3,1,1,0.0,England,False,0.0
d7605b60-382c-4e83-b977-38e1964f30f3,Berlin,0,1,1,0.0,Germany,False,0.0
d7fa3fb1-f2f9-4586-8699-ed4a550d5adb,London,3,1,1,0.0,Salford,False,0.0
d83de611-1623-4869-ad6e-0db292f5eb58,London,2,1,1,0.0,Ireland,False,0.0
d8517891-6b17-4d39-89de-b070024d9696,Rochester,1,1,1,0.0,Montreal,False,0.0
d8be6134-aab6-4726-97b8-d0edb444061f,Geneva,4,1,1,0.0,Edinburgh,False,0.0
d927252f-b5a4-480e-bf59-1ff076c4f17e,Morocco,0,1,1,0.0,Paris,False,0.0
d9a5a49b-93d3-4824-90e9-369bb66d965f,Belgrade,4,1,1,0.0,Prague,False,0.0
d9f709e1-0a46-4014-89e7-7e1a53fa74c1,Kyoto,0,1,1,0.0,Glasgow,False,0.0
da986bf6-4589-4e19-9af5-988095e5f782,Madrid,3,1,1,1.0,Madrid,False,0.0
dacbccf3-8eeb-4e77-8bc9-74bd0149a186,Kensington,4,1,1,0.0,London,False,0.0
db1c4c48-2941-47f3-8ae9-c5d176103fd9,Detroit,4,1,1,0.0,Scotland,False,0.0
db61c768-f57d-450f-b5bc-b084d290c46d,California,0,1,1,0.0,Berlin,False,0.0
dba41c1a-209f-4dcb-98b1-29df1d9bfea7,Manchester,0,1,1,0.0,London,False,0.0
dbfc500f-e6fa-43c0-b0a9-f371a1069fef,Oslo,0,1,1,0.0,London,False,0.0
dc4a1a21-7899-4db4-8e7e-33506420b39e,Pittsburgh,2,1,1,0.0,Chicago,False,0.0
dc4d2b13-7f12-4417-b730-9ab89d4b1187,Cincinnati,1,1,1,0.0,Berlin,False,0.0
dc825ca7-4a03-4a2f-9f3a-8de2d45dc42e,Sacramento,1,1,1,0.0,Boston,False,0.0
dcd53d5d-f2a9-4053-8e5e-34472055c021,Melbourne,2,1,1,0.0,London,False,0.0
dd27a807-62f3-4ad0-8a39-9cdcea55be21,Honolulu,2,1,1,0.0,Tokyo,False,0.0
dd6c9d31-23f1-4f5f-9fe9-71f6c500d34c,Calais,2,1,1,0.0,Paris,False,0.0
dd7b3b63-fb1e-4af7-af6d-6fda82df487a,London,3,1,1,0.0,Manhattan,False,0.0
dd9c77f0-d50f-4321-b9c0-2e28365f93c2,Boulder,2,1,1,0.0,London,False,0.0
de75669e-50a4-4166-8392-39b475ca6cce,Cheltenham,3,1,1,0.0,Toronto,False,0.0
de8c9d55-3634-4972-be99-2488933253b2,Scotland,1,1,1,0.0,Edinburgh,False,0.0
df7b3109-9bc5-4d0b-8582-200dd8f50a61,Naples,3,1,1,0.0,Rome,False,0.0
df94eb05-2b59-4ec4-9259-0f60de2d64f4,Cambridge,3,1,1,0.0,London,False,0.0
dfeaba5b-0163-4a0b-8e80-b79b0f3a59df,Madagascar,1,1,1,0.0,Paris,False,0.0
e07fc75b-8563-45b9-ad19-dcbbdce3ff96,Cologne,0,1,1,0.0,Rome,False,0.0
e0eb39c4-b311-4aa9-a30a-cd28e278a357,Rotterdam,1,1,1,0.0,Amsterdam,False,0.0
e10d18c5-5ec0-418e-81d7-6845b3517a36,Lisbon,4,1,1,0.0,Jerusalem,False,0.0
e17d0569-ff05-45f2-8f4b-c98816d22160,Germany,2,1,1,0.0,Vienna,False,0.0
e1d72509-f898-4794-8b9f-b042513d303f,Paris,4,1,1,0.0,London,False,0.0
e1f7ccaf-25d2-477a-94b1-0926fff37749,Toronto,4,1,1,0.0,Paris,False,0.0
e220e634-f19a-455d-a10b-4909c065e4c5,Paris,4,1,1,0.0,Vienna,False,0.0
e32fb0f2-7612-46d6-a2bf-9ed47be5cd29,Harrisburg,4,1,1,0.0,Cambridge,False,0.0
e40b4e8b-c72c-4f2c-ace2-66c3bd4d7df6,Hanover,1,1,1,0.0,Houston,False,0.0
e4c8eb64-f01b-4cfc-8c71-6d39b25ba056,Belfast,0,1,1,0.0,Paris,False,0.0
e4e16ffa-3ec2-4ca6-8512-5aa449b29bc2,Salem,2,1,1,0.0,Peterborough,False,0.0
e5d6912c-4755-40c6-a31d-05bec6e4e03f,Oklahoma,2,1,1,0.0,Paris,False,0.0
e646bf92-9472-4ac6-9a42-adffd9860a92,Stockholm,1,1,1,1.0,Stockholm,False,0.0
e6ae8fa7-55bb-4543-ae68-4f0d5a7abe99,Huntington,0,1,1,0.0,Paris,False,0.0
e7d57a10-450e-410a-a778-0836d3d10393,Germany,1,1,1,0.0,Paris,False,0.0
e8150b6f-e1d3-44e0-bc29-1b3bedd2d468,Moscow,2,1,1,1.0,Moscow,False,0.0
e870750a-d8dc-44b3-856a-7bd15054ad38,Wakefield,2,1,1,0.0,London,False,0.0
e95ac046-e20b-4e23-8fe3-18683c8c7ecf,Dublin,2,1,1,0.0,London,False,0.0
e9672670-32fd-45aa-809d-e96ff566d4d1,Munich,2,1,1,0.0,Scotland,False,0.0
e9a824cb-0d48-4422-b2c3-187fbd4e7ab4,London,2,1,1,1.0,London,False,0.0
ea07985b-a1fe-49ec-9c87-02dd86c9ce93,Heidelberg,0,1,1,0.0,Salzburg,False,0.0
ea55c58d-f712-4f63-8558-00f3476b68c4,Beverly,3,1,1,0.0,Manhattan,False,0.0
ea855234-84a0-417d-baa6-93f26bc8530a,Manhattan,1,1,1,0.0,Berlin,False,0.0
ea8b2f43-a569-48bd-96b3-e0c834f4fa1c,Stockholm,0,1,1,0.0,Budapest,False,0.0
ebdc8039-b655-4a4c-8248-144fdbface56,Heidelberg,1,1,1,0.0,Hamburg,False,0.0
ebe5abd8-9f4c-4877-a0a7-b9a96ecb2fc1,Clifton,1,1,1,1.0,Clifton,False,0.0
ed7483d9-2ebb-467d-98d0-7d66911ab6b0,Toronto,2,1,1,0.0,London,False,0.0
eee8bfcd-064f-41e5-af36-13bc67a1713c,Madrid,4,1,1,0.0,Kingston,False,0.0
ef342d81-1a21-47ed-84ab-b230107e36ee,Richmond,3,1,1,0.0,Lexington,False,0.0
effb395e-bcd6-4155-9a80-826c0ab65667,Hamburg,3,1,1,0.0,Berlin,False,0.0
f056d3e2-087e-49a1-849f-a13d668b350a,Memphis,3,1,1,0.0,Rome,False,0.0
f2067ce9-1476-4920-968b-c3ad25366a97,Hamburg,4,1,1,0.0,Berlin,False,0.0
f24dfcb1-7ebb-4cd4-92ca-488ce67212c7,Portland,3,1,1,0.0,London,False,0.0
f2592eaf-d1d2-4f2c-81bb-da14beca78c4,Trenton,4,1,1,0.0,Glasgow,False,0.0
f27639d4-352d-488d-bdae-643c5f7a1aa4,Chicago,1,1,1,1.0,Chicago,False,0.0
f2882a82-380f-49f2-bc07-14ae10ad72a8,Helsinki,4,1,1,0.0,Santiago,False,0.0
f2f95b64-9815-4943-8205-b2e1a1e5ae22,Wilmington,0,1,1,0.0,Paris,False,0.0
f3461bec-6f4c-4ef6-ba35-3807a2b36d7d,Genoa,3,1,1,0.0,Paris,False,0.0
f39eba2f-7ec3-47d4-abf8-63fd9444b3a1,Portland,3,1,1,0.0,Salford,False,0.0
f4219aa0-6830-46c8-8b29-329f19ed0404,Henderson,0,1,1,0.0,Lexington,False,0.0
f4a15e2c-86fb-4a88-877b-abb82baef6cd,London,1,1,1,1.0,London,False,0.0
f4dd0995-eaaf-4b3f-9427-99840d5870e0,Salzburg,2,1,1,0.0,London,False,0.0
f4e01918-ea2d-44b0-85d3-6e129eb8d1e2,Philadelphia,0,1,1,0.0,Paris,False,0.0
f4e47426-9ad8-4180-aa6a-7c3812b963bb,Hobart,3,1,1,0.0,Houston,False,0.0
f51d7a96-4b7f-4571-ae1c-035a1e6a7746,Boston,1,1,1,0.0,Chicago,False,0.0
f562f063-1df5-4460-a52c-d6a572ac05ed,Inverness,3,1,1,0.0,London,False,0.0
f5e7db04-6b5b-41fa-bc7b-254ad8a3a711,Prague,3,1,1,0.0,Vienna,False,0.0
f5f69d59-2d1d-4e33-bc00-638cca28abb2,Madrid,4,1,1,0.0,London,False,0.0
f68d65be-4233-4cac-bf56-57f347ab8ad0,London,1,1,1,1.0,London,False,0.0
f73594c9-5d01-4976-86ca-d42f8e64c894,Rochester,4,1,1,0.0,London,False,0.0
f740609c-d1ea-48f7-acf9-7b13001e766e,Salem,4,1,1,0.0,London,False,0.0
f890ddcf-a32f-4bc7-92a0-8a364d0eaa59,London,3,1,1,0.0,Berlin,False,0.0
f8c445e0-6371-4cf0-b984-eaf988738d53,Detroit,2,1,1,0.0,Boston,False,0.0
f8cac5ad-3115-4fd5-8f55-519908e2cc13,Lansing,1,1,1,0.0,London,False,0.0
f9021a42-fc9c-493c-a5d9-cac807ca99ca,London,0,1,1,0.0,Rochester,False,0.0
f94ca9fb-a956-4dad-aa1e-43a1c91acc9d,Moscow,1,1,1,0.0,Riga,False,0.0
fa3a7d28-6dd7-4076-9b60-849295fd6d39,Strand,0,1,1,0.0,Stockholm,False,0.0
fa55b940-1478-4b16-850f-c23969c530e4,Chicago,2,1,1,0.0,Milan,False,0.0
fab7d7f4-8aa8-4f78-8650-b80b97eeba68,Troy,4,1,1,0.0,London,False,0.0
fb018e7f-e96a-47b3-926f-11ab133d251b,Venice,1,1,1,0.0,England,False,0.0
fb7190ba-2399-4eae-8ea0-deddfe592e8c,Paris,0,1,1,0.0,London,False,0.0
fb7ddf91-bd66-47d8-853a-e94812f4e3fc,Prague,0,1,1,0.0,Warsaw,False,0.0
fb8038c0-8168-4b99-b13a-e2bb8ab130cc,Nuremberg,4,1,1,0.0,Moscow,False,0.0
fbd019af-e884-479d-92f5-b37dc913aa5c,Paris,3,1,1,0.0,Boston,False,0.0
fc12aad2-7638-42a8-bf36-a4e38dec9ff6,Newcastle,4,1,1,0.0,London,False,0.0
fc2391a9-562d-4b83-b56d-8bc79942d2ae,Hanover,4,1,1,0.0,Berlin,False,0.0
fc3c6bd6-252a-4c56-9206-12fc0bd22c59,Maryland,1,1,1,0.0,London,False,0.0
fc786afb-2abf-4caf-9035-4d6f38ee77e5,Galway,0,1,1,0.0,Scotland,False,0.0
fc8c9ead-fca6-47cc-bf4d-4e03afb1c4aa,Germany,3,1,1,0.0,Paris,False,0.0
fca37f68-4517-4e06-9289-7fa7bc72cfe7,Irvine,0,1,1,0.0,Belfast,False,0.0
fce9707e-0e7d-450c-9cb9-d189527b70a1,Egypt,1,1,1,0.0,Chicago,False,0.0
fcee277b-b47e-4292-9f4a-f96f11056aa6,Carlisle,2,1,1,0.0,London,False,0.0
fd00ee00-b9ba-422d-9078-6b42ab8fe3dc,Montevideo,2,1,1,0.0,Rome,False,0.0
fd10f172-74f4-4d5c-83ad-525255d86f01,Westphalia,1,1,1,0.0,Luxembourg,False,0.0
fd742f0a-be5b-446f-84a8-6683bcd87d2c,Exeter,3,1,1,1.0,Exeter,False,0.0
fd806c2b-7168-46a5-b2b6-76c143a044bf,Wales,2,1,1,0.0,Middlesbrough,False,0.0
fdd93a7c-adc6-4580-bf08-0361905d8be1,Edinburgh,3,1,1,0.0,London,False,0.0
fdf33384-7a1f-4b07-ae6e-92a2faf3a568,Paris,0,1,1,1.0,Paris,False,0.0
fe2b8524-4f1e-42b7-b146-81d500dcdf30,Stockholm,4,1,1,0.0,Turkey,False,0.0
fee7e82d-eee4-492d-90e2-a0bc253a77e5,Cheshire,3,1,1,0.0,Oklahoma,False,0.0
ff0ec3a2-8c3c-408a-9de4-672081148e9d,Edinburgh,2,1,1,0.0,Macon,False,0.0
ff1e03a1-9605-4694-8150-8356e4620b6b,Vienna,3,1,1,0.0,Manhattan,False,0.0
ff281f00-2f47-416e-837b-77b3ffc4da01,Newport,3,1,1,0.0,London,False,0.0
ff33fcb6-c21b-45c5-a1ad-00c7f3c34b6c,Vienna,0,1,1,0.0,Boston,False,0.0
ff44015b-1607-4b25-b64f-2e640205dead,Brighton,1,1,1,0.0,Chicago,False,0.0
